2026-07-29T12:27:58.139+03:00  INFO 14012 --- [task-app] [main] taskApp.TaskApplication                  : Starting TaskApplication using Java 25.0.1 with PID 14012 (C:\PROJECTS\task-app\target\classes started by Daniil Pevzner in C:\PROJECTS\task-app)
2026-07-29T12:27:58.142+03:00  INFO 14012 --- [task-app] [main] taskApp.TaskApplication                  : No active profile set, falling back to 1 default profile: "default"
2026-07-29T12:27:58.934+03:00  INFO 14012 --- [task-app] [main] .s.d.r.c.RepositoryConfigurationDelegate : Bootstrapping Spring Data JPA repositories in DEFAULT mode.
2026-07-29T12:27:59.007+03:00  INFO 14012 --- [task-app] [main] .s.d.r.c.RepositoryConfigurationDelegate : Finished Spring Data repository scanning in 62 ms. Found 1 JPA repository interface.
2026-07-29T12:27:59.589+03:00  INFO 14012 --- [task-app] [main] o.s.boot.tomcat.TomcatWebServer          : Tomcat initialized with port 8080 (http)
2026-07-29T12:27:59.607+03:00  INFO 14012 --- [task-app] [main] o.apache.catalina.core.StandardService   : Starting service [Tomcat]
2026-07-29T12:27:59.607+03:00  INFO 14012 --- [task-app] [main] o.apache.catalina.core.StandardEngine    : Starting Servlet engine: [Apache Tomcat/11.0.22]
2026-07-29T12:27:59.668+03:00  INFO 14012 --- [task-app] [main] b.w.c.s.WebApplicationContextInitializer : Root WebApplicationContext: initialization completed in 1476 ms
2026-07-29T12:27:59.907+03:00  INFO 14012 --- [task-app] [main] org.hibernate.orm.jpa                    : HHH008540: Processing PersistenceUnitInfo [name: default]
2026-07-29T12:27:59.961+03:00  INFO 14012 --- [task-app] [main] org.hibernate.orm.core                   : HHH000001: Hibernate ORM core version 7.4.1.Final
2026-07-29T12:28:00.448+03:00  INFO 14012 --- [task-app] [main] o.s.o.j.p.SpringPersistenceUnitInfo      : No LoadTimeWeaver setup: ignoring JPA class transformer
2026-07-29T12:28:00.490+03:00  INFO 14012 --- [task-app] [main] com.zaxxer.hikari.HikariDataSource       : HikariPool-1 - Starting...
2026-07-29T12:28:00.707+03:00  INFO 14012 --- [task-app] [main] com.zaxxer.hikari.pool.HikariPool        : HikariPool-1 - Added connection conn0: url=jdbc:h2:mem:tododb user=ROOT
2026-07-29T12:28:00.709+03:00  INFO 14012 --- [task-app] [main] com.zaxxer.hikari.HikariDataSource       : HikariPool-1 - Start completed.
2026-07-29T12:28:00.734+03:00  WARN 14012 --- [task-app] [main] org.hibernate.orm.deprecation            : HHH90000025: H2Dialect does not need to be specified explicitly using 'hibernate.dialect' (remove the property setting and it will be selected by default)
2026-07-29T12:28:00.757+03:00  INFO 14012 --- [task-app] [main] org.hibernate.orm.connections.pooling    : HHH10001005: Database info:
	Database JDBC URL [jdbc:h2:mem:tododb]
	Database driver: H2 JDBC Driver
	Database dialect: H2Dialect
	Database version: 2.4.240
	Default catalog/schema: TODODB/PUBLIC
	Autocommit mode: undefined/unknown
	Isolation level: READ_COMMITTED [default READ_COMMITTED]
	JDBC fetch size: 100
	Pool: DataSourceConnectionProvider
	Minimum pool size: undefined/unknown
	Maximum pool size: undefined/unknown
2026-07-29T12:28:01.812+03:00  INFO 14012 --- [task-app] [main] org.hibernate.orm.core                   : HHH000489: No JTA platform available (set 'hibernate.transaction.jta.platform' to enable JTA platform integration)
2026-07-29T12:28:01.849+03:00  INFO 14012 --- [task-app] [main] j.LocalContainerEntityManagerFactoryBean : Initialized JPA EntityManagerFactory for persistence unit 'default'
2026-07-29T12:28:01.932+03:00  INFO 14012 --- [task-app] [main] o.s.d.j.r.query.QueryEnhancerFactories   : Hibernate is in classpath; If applicable, HQL parser will be used.
2026-07-29T12:28:02.079+03:00  WARN 14012 --- [task-app] [main] JpaBaseConfiguration$JpaWebConfiguration : spring.jpa.open-in-view is enabled by default. Therefore, database queries may be performed during view rendering. Explicitly configure spring.jpa.open-in-view to disable this warning
2026-07-29T12:28:02.399+03:00  INFO 14012 --- [task-app] [main] o.s.b.h.a.H2ConsoleAutoConfiguration     : H2 console available at '/h2-console'. Database available at 'jdbc:h2:mem:tododb'
2026-07-29T12:28:02.455+03:00  INFO 14012 --- [task-app] [main] o.s.boot.tomcat.TomcatWebServer          : Tomcat started on port 8080 (http) with context path '/'
2026-07-29T12:28:02.461+03:00  INFO 14012 --- [task-app] [main] taskApp.TaskApplication                  : Started TaskApplication in 4.853 seconds (process running for 5.408)
2026-07-29T12:53:34.696+03:00  INFO 27844 --- [task-app] [main] taskApp.TaskApplication                  : Starting TaskApplication using Java 25.0.1 with PID 27844 (C:\PROJECTS\task-app\target\classes started by Daniil Pevzner in C:\PROJECTS\task-app)
2026-07-29T12:53:34.701+03:00  INFO 27844 --- [task-app] [main] taskApp.TaskApplication                  : No active profile set, falling back to 1 default profile: "default"
2026-07-29T12:53:35.492+03:00  INFO 27844 --- [task-app] [main] .s.d.r.c.RepositoryConfigurationDelegate : Bootstrapping Spring Data JPA repositories in DEFAULT mode.
2026-07-29T12:53:35.553+03:00  INFO 27844 --- [task-app] [main] .s.d.r.c.RepositoryConfigurationDelegate : Finished Spring Data repository scanning in 51 ms. Found 1 JPA repository interface.
2026-07-29T12:53:36.072+03:00  INFO 27844 --- [task-app] [main] o.s.boot.tomcat.TomcatWebServer          : Tomcat initialized with port 8080 (http)
2026-07-29T12:53:36.089+03:00  INFO 27844 --- [task-app] [main] o.apache.catalina.core.StandardService   : Starting service [Tomcat]
2026-07-29T12:53:36.090+03:00  INFO 27844 --- [task-app] [main] o.apache.catalina.core.StandardEngine    : Starting Servlet engine: [Apache Tomcat/11.0.22]
2026-07-29T12:53:36.153+03:00  INFO 27844 --- [task-app] [main] b.w.c.s.WebApplicationContextInitializer : Root WebApplicationContext: initialization completed in 1383 ms
2026-07-29T12:53:36.369+03:00  INFO 27844 --- [task-app] [main] org.hibernate.orm.jpa                    : HHH008540: Processing PersistenceUnitInfo [name: default]
2026-07-29T12:53:36.431+03:00  INFO 27844 --- [task-app] [main] org.hibernate.orm.core                   : HHH000001: Hibernate ORM core version 7.4.1.Final
2026-07-29T12:53:36.891+03:00  INFO 27844 --- [task-app] [main] o.s.o.j.p.SpringPersistenceUnitInfo      : No LoadTimeWeaver setup: ignoring JPA class transformer
2026-07-29T12:53:36.925+03:00  INFO 27844 --- [task-app] [main] com.zaxxer.hikari.HikariDataSource       : HikariPool-1 - Starting...
2026-07-29T12:53:37.132+03:00  INFO 27844 --- [task-app] [main] com.zaxxer.hikari.pool.HikariPool        : HikariPool-1 - Added connection conn0: url=jdbc:h2:mem:tododb user=ROOT
2026-07-29T12:53:37.134+03:00  INFO 27844 --- [task-app] [main] com.zaxxer.hikari.HikariDataSource       : HikariPool-1 - Start completed.
2026-07-29T12:53:37.158+03:00  WARN 27844 --- [task-app] [main] org.hibernate.orm.deprecation            : HHH90000025: H2Dialect does not need to be specified explicitly using 'hibernate.dialect' (remove the property setting and it will be selected by default)
2026-07-29T12:53:37.180+03:00  INFO 27844 --- [task-app] [main] org.hibernate.orm.connections.pooling    : HHH10001005: Database info:
	Database JDBC URL [jdbc:h2:mem:tododb]
	Database driver: H2 JDBC Driver
	Database dialect: H2Dialect
	Database version: 2.4.240
	Default catalog/schema: TODODB/PUBLIC
	Autocommit mode: undefined/unknown
	Isolation level: READ_COMMITTED [default READ_COMMITTED]
	JDBC fetch size: 100
	Pool: DataSourceConnectionProvider
	Minimum pool size: undefined/unknown
	Maximum pool size: undefined/unknown
2026-07-29T12:53:38.062+03:00  INFO 27844 --- [task-app] [main] org.hibernate.orm.core                   : HHH000489: No JTA platform available (set 'hibernate.transaction.jta.platform' to enable JTA platform integration)
2026-07-29T12:53:38.097+03:00  INFO 27844 --- [task-app] [main] j.LocalContainerEntityManagerFactoryBean : Initialized JPA EntityManagerFactory for persistence unit 'default'
2026-07-29T12:53:38.179+03:00  INFO 27844 --- [task-app] [main] o.s.d.j.r.query.QueryEnhancerFactories   : Hibernate is in classpath; If applicable, HQL parser will be used.
2026-07-29T12:53:38.337+03:00  WARN 27844 --- [task-app] [main] JpaBaseConfiguration$JpaWebConfiguration : spring.jpa.open-in-view is enabled by default. Therefore, database queries may be performed during view rendering. Explicitly configure spring.jpa.open-in-view to disable this warning
2026-07-29T12:53:38.648+03:00  INFO 27844 --- [task-app] [main] o.s.b.h.a.H2ConsoleAutoConfiguration     : H2 console available at '/h2-console'. Database available at 'jdbc:h2:mem:tododb'
2026-07-29T12:53:38.688+03:00  WARN 27844 --- [task-app] [main] ConfigServletWebServerApplicationContext : Exception encountered during context initialization - cancelling refresh attempt: org.springframework.context.ApplicationContextException: Failed to start bean 'webServerStartStop'
2026-07-29T12:53:38.690+03:00  INFO 27844 --- [task-app] [main] j.LocalContainerEntityManagerFactoryBean : Closing JPA EntityManagerFactory for persistence unit 'default'
2026-07-29T12:53:38.694+03:00  INFO 27844 --- [task-app] [main] com.zaxxer.hikari.HikariDataSource       : HikariPool-1 - Shutdown initiated...
2026-07-29T12:53:38.698+03:00  INFO 27844 --- [task-app] [main] com.zaxxer.hikari.HikariDataSource       : HikariPool-1 - Shutdown completed.
2026-07-29T12:53:38.714+03:00  INFO 27844 --- [task-app] [main] .s.b.a.l.ConditionEvaluationReportLogger : 

Error starting ApplicationContext. To display the condition evaluation report re-run your application with 'debug' enabled.
2026-07-29T12:53:38.729+03:00 ERROR 27844 --- [task-app] [main] o.s.b.d.LoggingFailureAnalysisReporter   : 

***************************
APPLICATION FAILED TO START
***************************

Description:

Web server failed to start. Port 8080 was already in use.

Action:

Identify and stop the process that's listening on port 8080 or configure this application to listen on another port.

2026-07-29T12:54:00.642+03:00  INFO 7916 --- [task-app] [main] taskApp.TaskApplication                  : Starting TaskApplication using Java 25.0.1 with PID 7916 (C:\PROJECTS\task-app\target\classes started by Daniil Pevzner in C:\PROJECTS\task-app)
2026-07-29T12:54:00.646+03:00  INFO 7916 --- [task-app] [main] taskApp.TaskApplication                  : No active profile set, falling back to 1 default profile: "default"
2026-07-29T12:54:01.515+03:00  INFO 7916 --- [task-app] [main] .s.d.r.c.RepositoryConfigurationDelegate : Bootstrapping Spring Data JPA repositories in DEFAULT mode.
2026-07-29T12:54:01.579+03:00  INFO 7916 --- [task-app] [main] .s.d.r.c.RepositoryConfigurationDelegate : Finished Spring Data repository scanning in 51 ms. Found 1 JPA repository interface.
2026-07-29T12:54:01.651+03:00  INFO 14012 --- [task-app] [SpringApplicationShutdownHook] o.s.boot.tomcat.GracefulShutdown         : Commencing graceful shutdown. Waiting for active requests to complete
2026-07-29T12:54:01.661+03:00  INFO 14012 --- [task-app] [tomcat-shutdown] o.s.boot.tomcat.GracefulShutdown         : Graceful shutdown complete
2026-07-29T12:54:01.666+03:00  INFO 14012 --- [task-app] [SpringApplicationShutdownHook] j.LocalContainerEntityManagerFactoryBean : Closing JPA EntityManagerFactory for persistence unit 'default'
2026-07-29T12:54:01.669+03:00  INFO 14012 --- [task-app] [SpringApplicationShutdownHook] com.zaxxer.hikari.HikariDataSource       : HikariPool-1 - Shutdown initiated...
2026-07-29T12:54:01.672+03:00  INFO 14012 --- [task-app] [SpringApplicationShutdownHook] com.zaxxer.hikari.HikariDataSource       : HikariPool-1 - Shutdown completed.
2026-07-29T12:54:02.186+03:00  INFO 7916 --- [task-app] [main] o.s.boot.tomcat.TomcatWebServer          : Tomcat initialized with port 8080 (http)
2026-07-29T12:54:02.261+03:00  INFO 7916 --- [task-app] [main] b.w.c.s.WebApplicationContextInitializer : Root WebApplicationContext: initialization completed in 1545 ms
2026-07-29T12:54:02.532+03:00  INFO 7916 --- [task-app] [main] org.hibernate.orm.jpa                    : HHH008540: Processing PersistenceUnitInfo [name: default]
2026-07-29T12:54:02.590+03:00  INFO 7916 --- [task-app] [main] org.hibernate.orm.core                   : HHH000001: Hibernate ORM core version 7.4.1.Final
2026-07-29T12:54:03.138+03:00  INFO 7916 --- [task-app] [main] o.s.o.j.p.SpringPersistenceUnitInfo      : No LoadTimeWeaver setup: ignoring JPA class transformer
2026-07-29T12:54:03.172+03:00  INFO 7916 --- [task-app] [main] com.zaxxer.hikari.HikariDataSource       : HikariPool-1 - Starting...
2026-07-29T12:54:03.352+03:00  INFO 7916 --- [task-app] [main] com.zaxxer.hikari.pool.HikariPool        : HikariPool-1 - Added connection conn0: url=jdbc:h2:mem:tododb user=ROOT
2026-07-29T12:54:03.354+03:00  INFO 7916 --- [task-app] [main] com.zaxxer.hikari.HikariDataSource       : HikariPool-1 - Start completed.
2026-07-29T12:54:03.379+03:00  WARN 7916 --- [task-app] [main] org.hibernate.orm.deprecation            : HHH90000025: H2Dialect does not need to be specified explicitly using 'hibernate.dialect' (remove the property setting and it will be selected by default)
2026-07-29T12:54:03.407+03:00  INFO 7916 --- [task-app] [main] org.hibernate.orm.connections.pooling    : HHH10001005: Database info:
	Database JDBC URL [jdbc:h2:mem:tododb]
	Database driver: H2 JDBC Driver
	Database dialect: H2Dialect
	Database version: 2.4.240
	Default catalog/schema: TODODB/PUBLIC
	Autocommit mode: undefined/unknown
	Isolation level: READ_COMMITTED [default READ_COMMITTED]
	JDBC fetch size: 100
	Pool: DataSourceConnectionProvider
	Minimum pool size: undefined/unknown
	Maximum pool size: undefined/unknown
2026-07-29T12:54:04.353+03:00  INFO 7916 --- [task-app] [main] org.hibernate.orm.core                   : HHH000489: No JTA platform available (set 'hibernate.transaction.jta.platform' to enable JTA platform integration)
2026-07-29T12:54:04.396+03:00  INFO 7916 --- [task-app] [main] j.LocalContainerEntityManagerFactoryBean : Initialized JPA EntityManagerFactory for persistence unit 'default'
2026-07-29T12:54:07.830+03:00  INFO 1620 --- [task-app] [main] taskApp.TaskApplication                  : Starting TaskApplication using Java 25.0.1 with PID 1620 (C:\PROJECTS\task-app\target\classes started by Daniil Pevzner in C:\PROJECTS\task-app)
2026-07-29T12:54:07.835+03:00  INFO 1620 --- [task-app] [main] taskApp.TaskApplication                  : No active profile set, falling back to 1 default profile: "default"
2026-07-29T12:54:08.718+03:00  INFO 1620 --- [task-app] [main] .s.d.r.c.RepositoryConfigurationDelegate : Bootstrapping Spring Data JPA repositories in DEFAULT mode.
2026-07-29T12:54:08.786+03:00  INFO 1620 --- [task-app] [main] .s.d.r.c.RepositoryConfigurationDelegate : Finished Spring Data repository scanning in 59 ms. Found 1 JPA repository interface.
2026-07-29T12:54:09.334+03:00  INFO 1620 --- [task-app] [main] o.s.boot.tomcat.TomcatWebServer          : Tomcat initialized with port 8080 (http)
2026-07-29T12:54:09.348+03:00  INFO 1620 --- [task-app] [main] o.apache.catalina.core.StandardService   : Starting service [Tomcat]
2026-07-29T12:54:09.349+03:00  INFO 1620 --- [task-app] [main] o.apache.catalina.core.StandardEngine    : Starting Servlet engine: [Apache Tomcat/11.0.22]
2026-07-29T12:54:09.410+03:00  INFO 1620 --- [task-app] [main] b.w.c.s.WebApplicationContextInitializer : Root WebApplicationContext: initialization completed in 1501 ms
2026-07-29T12:54:09.617+03:00  INFO 1620 --- [task-app] [main] org.hibernate.orm.jpa                    : HHH008540: Processing PersistenceUnitInfo [name: default]
2026-07-29T12:54:09.671+03:00  INFO 1620 --- [task-app] [main] org.hibernate.orm.core                   : HHH000001: Hibernate ORM core version 7.4.1.Final
2026-07-29T12:54:10.155+03:00  INFO 1620 --- [task-app] [main] o.s.o.j.p.SpringPersistenceUnitInfo      : No LoadTimeWeaver setup: ignoring JPA class transformer
2026-07-29T12:54:10.184+03:00  INFO 1620 --- [task-app] [main] com.zaxxer.hikari.HikariDataSource       : HikariPool-1 - Starting...
2026-07-29T12:54:10.362+03:00  INFO 1620 --- [task-app] [main] com.zaxxer.hikari.pool.HikariPool        : HikariPool-1 - Added connection conn0: url=jdbc:h2:mem:tododb user=ROOT
2026-07-29T12:54:10.365+03:00  INFO 1620 --- [task-app] [main] com.zaxxer.hikari.HikariDataSource       : HikariPool-1 - Start completed.
2026-07-29T12:54:10.396+03:00  WARN 1620 --- [task-app] [main] org.hibernate.orm.deprecation            : HHH90000025: H2Dialect does not need to be specified explicitly using 'hibernate.dialect' (remove the property setting and it will be selected by default)
2026-07-29T12:54:10.428+03:00  INFO 1620 --- [task-app] [main] org.hibernate.orm.connections.pooling    : HHH10001005: Database info:
	Database JDBC URL [jdbc:h2:mem:tododb]
	Database driver: H2 JDBC Driver
	Database dialect: H2Dialect
	Database version: 2.4.240
	Default catalog/schema: TODODB/PUBLIC
	Autocommit mode: undefined/unknown
	Isolation level: READ_COMMITTED [default READ_COMMITTED]
	JDBC fetch size: 100
	Pool: DataSourceConnectionProvider
	Minimum pool size: undefined/unknown
	Maximum pool size: undefined/unknown
2026-07-29T12:54:11.368+03:00  INFO 1620 --- [task-app] [main] org.hibernate.orm.core                   : HHH000489: No JTA platform available (set 'hibernate.transaction.jta.platform' to enable JTA platform integration)
2026-07-29T12:54:11.404+03:00  INFO 1620 --- [task-app] [main] j.LocalContainerEntityManagerFactoryBean : Initialized JPA EntityManagerFactory for persistence unit 'default'
2026-07-29T12:54:11.485+03:00  INFO 1620 --- [task-app] [main] o.s.d.j.r.query.QueryEnhancerFactories   : Hibernate is in classpath; If applicable, HQL parser will be used.
2026-07-29T12:54:11.629+03:00  WARN 1620 --- [task-app] [main] JpaBaseConfiguration$JpaWebConfiguration : spring.jpa.open-in-view is enabled by default. Therefore, database queries may be performed during view rendering. Explicitly configure spring.jpa.open-in-view to disable this warning
2026-07-29T12:54:11.963+03:00  INFO 1620 --- [task-app] [main] o.s.b.h.a.H2ConsoleAutoConfiguration     : H2 console available at '/h2-console'. Database available at 'jdbc:h2:mem:tododb'
2026-07-29T12:54:12.022+03:00  INFO 1620 --- [task-app] [main] o.s.boot.tomcat.TomcatWebServer          : Tomcat started on port 8080 (http) with context path '/'
2026-07-29T12:54:12.030+03:00  INFO 1620 --- [task-app] [main] taskApp.TaskApplication                  : Started TaskApplication in 4.763 seconds (process running for 5.283)
2026-07-29T12:54:25.895+03:00  INFO 1620 --- [task-app] [http-nio-8080-exec-1] o.a.c.c.C.[Tomcat].[localhost].[/]       : Initializing Spring DispatcherServlet 'dispatcherServlet'
2026-07-29T12:54:25.895+03:00  INFO 1620 --- [task-app] [http-nio-8080-exec-1] o.s.web.servlet.DispatcherServlet        : Initializing Servlet 'dispatcherServlet'
2026-07-29T12:54:25.897+03:00  INFO 1620 --- [task-app] [http-nio-8080-exec-1] o.s.web.servlet.DispatcherServlet        : Completed initialization in 2 ms
2026-07-29T12:54:25.979+03:00  INFO 1620 --- [task-app] [http-nio-8080-exec-1] taskApp.controller.TaskController        : got get all tasks request
2026-07-29T12:54:25.979+03:00  INFO 1620 --- [task-app] [http-nio-8080-exec-1] taskApp.service.TaskServiceImpl          : Reading task list
2026-07-29T12:54:30.263+03:00  INFO 1620 --- [task-app] [http-nio-8080-exec-3] taskApp.controller.TaskController        : got post request
2026-07-29T12:54:30.263+03:00  INFO 1620 --- [task-app] [http-nio-8080-exec-3] taskApp.service.TaskServiceImpl          : Task created
2026-07-29T13:21:56.740+03:00  INFO 1620 --- [task-app] [SpringApplicationShutdownHook] o.s.boot.tomcat.GracefulShutdown         : Commencing graceful shutdown. Waiting for active requests to complete
2026-07-29T13:21:56.748+03:00  INFO 1620 --- [task-app] [tomcat-shutdown] o.s.boot.tomcat.GracefulShutdown         : Graceful shutdown complete
2026-07-29T13:21:56.752+03:00  INFO 1620 --- [task-app] [SpringApplicationShutdownHook] j.LocalContainerEntityManagerFactoryBean : Closing JPA EntityManagerFactory for persistence unit 'default'
2026-07-29T13:21:56.755+03:00  INFO 1620 --- [task-app] [SpringApplicationShutdownHook] com.zaxxer.hikari.HikariDataSource       : HikariPool-1 - Shutdown initiated...
2026-07-29T13:21:56.758+03:00  INFO 1620 --- [task-app] [SpringApplicationShutdownHook] com.zaxxer.hikari.HikariDataSource       : HikariPool-1 - Shutdown completed.
2026-07-29T13:22:01.572+03:00  INFO 25116 --- [task-app] [main] taskApp.TaskApplication                  : Starting TaskApplication using Java 25.0.1 with PID 25116 (C:\PROJECTS\task-app\target\classes started by Daniil Pevzner in C:\PROJECTS\task-app)
2026-07-29T13:22:01.575+03:00  INFO 25116 --- [task-app] [main] taskApp.TaskApplication                  : No active profile set, falling back to 1 default profile: "default"
2026-07-29T13:22:02.383+03:00  INFO 25116 --- [task-app] [main] .s.d.r.c.RepositoryConfigurationDelegate : Bootstrapping Spring Data JPA repositories in DEFAULT mode.
2026-07-29T13:22:02.455+03:00  INFO 25116 --- [task-app] [main] .s.d.r.c.RepositoryConfigurationDelegate : Finished Spring Data repository scanning in 60 ms. Found 1 JPA repository interface.
2026-07-29T13:22:03.010+03:00  INFO 25116 --- [task-app] [main] o.s.boot.tomcat.TomcatWebServer          : Tomcat initialized with port 8080 (http)
2026-07-29T13:22:03.027+03:00  INFO 25116 --- [task-app] [main] o.apache.catalina.core.StandardService   : Starting service [Tomcat]
2026-07-29T13:22:03.028+03:00  INFO 25116 --- [task-app] [main] o.apache.catalina.core.StandardEngine    : Starting Servlet engine: [Apache Tomcat/11.0.22]
2026-07-29T13:22:03.098+03:00  INFO 25116 --- [task-app] [main] b.w.c.s.WebApplicationContextInitializer : Root WebApplicationContext: initialization completed in 1464 ms
2026-07-29T13:22:03.338+03:00  INFO 25116 --- [task-app] [main] org.hibernate.orm.jpa                    : HHH008540: Processing PersistenceUnitInfo [name: default]
2026-07-29T13:22:03.393+03:00  INFO 25116 --- [task-app] [main] org.hibernate.orm.core                   : HHH000001: Hibernate ORM core version 7.4.1.Final
2026-07-29T13:22:03.925+03:00  INFO 25116 --- [task-app] [main] o.s.o.j.p.SpringPersistenceUnitInfo      : No LoadTimeWeaver setup: ignoring JPA class transformer
2026-07-29T13:22:03.965+03:00  INFO 25116 --- [task-app] [main] com.zaxxer.hikari.HikariDataSource       : HikariPool-1 - Starting...
2026-07-29T13:22:04.159+03:00  INFO 25116 --- [task-app] [main] com.zaxxer.hikari.pool.HikariPool        : HikariPool-1 - Added connection conn0: url=jdbc:h2:mem:tododb user=ROOT
2026-07-29T13:22:04.161+03:00  INFO 25116 --- [task-app] [main] com.zaxxer.hikari.HikariDataSource       : HikariPool-1 - Start completed.
2026-07-29T13:22:04.186+03:00  WARN 25116 --- [task-app] [main] org.hibernate.orm.deprecation            : HHH90000025: H2Dialect does not need to be specified explicitly using 'hibernate.dialect' (remove the property setting and it will be selected by default)
2026-07-29T13:22:04.208+03:00  INFO 25116 --- [task-app] [main] org.hibernate.orm.connections.pooling    : HHH10001005: Database info:
	Database JDBC URL [jdbc:h2:mem:tododb]
	Database driver: H2 JDBC Driver
	Database dialect: H2Dialect
	Database version: 2.4.240
	Default catalog/schema: TODODB/PUBLIC
	Autocommit mode: undefined/unknown
	Isolation level: READ_COMMITTED [default READ_COMMITTED]
	JDBC fetch size: 100
	Pool: DataSourceConnectionProvider
	Minimum pool size: undefined/unknown
	Maximum pool size: undefined/unknown
2026-07-29T13:22:05.368+03:00  INFO 25116 --- [task-app] [main] org.hibernate.orm.core                   : HHH000489: No JTA platform available (set 'hibernate.transaction.jta.platform' to enable JTA platform integration)
2026-07-29T13:22:05.403+03:00  INFO 25116 --- [task-app] [main] j.LocalContainerEntityManagerFactoryBean : Initialized JPA EntityManagerFactory for persistence unit 'default'
2026-07-29T13:22:05.505+03:00  INFO 25116 --- [task-app] [main] o.s.d.j.r.query.QueryEnhancerFactories   : Hibernate is in classpath; If applicable, HQL parser will be used.
2026-07-29T13:22:05.665+03:00  WARN 25116 --- [task-app] [main] JpaBaseConfiguration$JpaWebConfiguration : spring.jpa.open-in-view is enabled by default. Therefore, database queries may be performed during view rendering. Explicitly configure spring.jpa.open-in-view to disable this warning
2026-07-29T13:22:06.000+03:00  INFO 25116 --- [task-app] [main] o.s.b.h.a.H2ConsoleAutoConfiguration     : H2 console available at '/h2-console'. Database available at 'jdbc:h2:mem:tododb'
2026-07-29T13:22:06.071+03:00  INFO 25116 --- [task-app] [main] o.s.boot.tomcat.TomcatWebServer          : Tomcat started on port 8080 (http) with context path '/'
2026-07-29T13:22:06.080+03:00  INFO 25116 --- [task-app] [main] taskApp.TaskApplication                  : Started TaskApplication in 5.072 seconds (process running for 5.627)
2026-07-29T13:22:14.541+03:00  INFO 25116 --- [task-app] [SpringApplicationShutdownHook] o.s.boot.tomcat.GracefulShutdown         : Commencing graceful shutdown. Waiting for active requests to complete
2026-07-29T13:22:14.550+03:00  INFO 25116 --- [task-app] [tomcat-shutdown] o.s.boot.tomcat.GracefulShutdown         : Graceful shutdown complete
2026-07-29T13:22:14.554+03:00  INFO 25116 --- [task-app] [SpringApplicationShutdownHook] j.LocalContainerEntityManagerFactoryBean : Closing JPA EntityManagerFactory for persistence unit 'default'
2026-07-29T13:22:14.557+03:00  INFO 25116 --- [task-app] [SpringApplicationShutdownHook] com.zaxxer.hikari.HikariDataSource       : HikariPool-1 - Shutdown initiated...
2026-07-29T13:22:14.559+03:00  INFO 25116 --- [task-app] [SpringApplicationShutdownHook] com.zaxxer.hikari.HikariDataSource       : HikariPool-1 - Shutdown completed.
2026-07-29T13:23:02.132+03:00  INFO 5380 --- [task-app] [main] taskApp.TaskApplication                  : Starting TaskApplication using Java 25.0.1 with PID 5380 (C:\PROJECTS\task-app\target\classes started by Daniil Pevzner in C:\PROJECTS\task-app)
2026-07-29T13:23:02.137+03:00  INFO 5380 --- [task-app] [main] taskApp.TaskApplication                  : No active profile set, falling back to 1 default profile: "default"
2026-07-29T13:23:02.940+03:00  INFO 5380 --- [task-app] [main] .s.d.r.c.RepositoryConfigurationDelegate : Bootstrapping Spring Data JPA repositories in DEFAULT mode.
2026-07-29T13:23:03.005+03:00  INFO 5380 --- [task-app] [main] .s.d.r.c.RepositoryConfigurationDelegate : Finished Spring Data repository scanning in 54 ms. Found 1 JPA repository interface.
2026-07-29T13:23:03.522+03:00  INFO 5380 --- [task-app] [main] o.s.boot.tomcat.TomcatWebServer          : Tomcat initialized with port 8080 (http)
2026-07-29T13:23:03.538+03:00  INFO 5380 --- [task-app] [main] o.apache.catalina.core.StandardService   : Starting service [Tomcat]
2026-07-29T13:23:03.538+03:00  INFO 5380 --- [task-app] [main] o.apache.catalina.core.StandardEngine    : Starting Servlet engine: [Apache Tomcat/11.0.22]
2026-07-29T13:23:03.600+03:00  INFO 5380 --- [task-app] [main] b.w.c.s.WebApplicationContextInitializer : Root WebApplicationContext: initialization completed in 1394 ms
2026-07-29T13:23:03.812+03:00  INFO 5380 --- [task-app] [main] org.hibernate.orm.jpa                    : HHH008540: Processing PersistenceUnitInfo [name: default]
2026-07-29T13:23:03.873+03:00  INFO 5380 --- [task-app] [main] org.hibernate.orm.core                   : HHH000001: Hibernate ORM core version 7.4.1.Final
2026-07-29T13:23:04.382+03:00  INFO 5380 --- [task-app] [main] o.s.o.j.p.SpringPersistenceUnitInfo      : No LoadTimeWeaver setup: ignoring JPA class transformer
2026-07-29T13:23:04.413+03:00  INFO 5380 --- [task-app] [main] com.zaxxer.hikari.HikariDataSource       : HikariPool-1 - Starting...
2026-07-29T13:23:04.576+03:00  INFO 5380 --- [task-app] [main] com.zaxxer.hikari.pool.HikariPool        : HikariPool-1 - Added connection conn0: url=jdbc:h2:mem:tododb user=ROOT
2026-07-29T13:23:04.578+03:00  INFO 5380 --- [task-app] [main] com.zaxxer.hikari.HikariDataSource       : HikariPool-1 - Start completed.
2026-07-29T13:23:04.604+03:00  WARN 5380 --- [task-app] [main] org.hibernate.orm.deprecation            : HHH90000025: H2Dialect does not need to be specified explicitly using 'hibernate.dialect' (remove the property setting and it will be selected by default)
2026-07-29T13:23:04.630+03:00  INFO 5380 --- [task-app] [main] org.hibernate.orm.connections.pooling    : HHH10001005: Database info:
	Database JDBC URL [jdbc:h2:mem:tododb]
	Database driver: H2 JDBC Driver
	Database dialect: H2Dialect
	Database version: 2.4.240
	Default catalog/schema: TODODB/PUBLIC
	Autocommit mode: undefined/unknown
	Isolation level: READ_COMMITTED [default READ_COMMITTED]
	JDBC fetch size: 100
	Pool: DataSourceConnectionProvider
	Minimum pool size: undefined/unknown
	Maximum pool size: undefined/unknown
2026-07-29T13:23:05.537+03:00  INFO 5380 --- [task-app] [main] org.hibernate.orm.core                   : HHH000489: No JTA platform available (set 'hibernate.transaction.jta.platform' to enable JTA platform integration)
2026-07-29T13:23:05.573+03:00  INFO 5380 --- [task-app] [main] j.LocalContainerEntityManagerFactoryBean : Initialized JPA EntityManagerFactory for persistence unit 'default'
2026-07-29T13:23:05.656+03:00  INFO 5380 --- [task-app] [main] o.s.d.j.r.query.QueryEnhancerFactories   : Hibernate is in classpath; If applicable, HQL parser will be used.
2026-07-29T13:23:05.812+03:00  WARN 5380 --- [task-app] [main] JpaBaseConfiguration$JpaWebConfiguration : spring.jpa.open-in-view is enabled by default. Therefore, database queries may be performed during view rendering. Explicitly configure spring.jpa.open-in-view to disable this warning
2026-07-29T13:23:06.137+03:00  INFO 5380 --- [task-app] [main] o.s.b.h.a.H2ConsoleAutoConfiguration     : H2 console available at '/h2-console'. Database available at 'jdbc:h2:mem:tododb'
2026-07-29T13:23:06.190+03:00  INFO 5380 --- [task-app] [main] o.s.boot.tomcat.TomcatWebServer          : Tomcat started on port 8080 (http) with context path '/'
2026-07-29T13:23:06.197+03:00  INFO 5380 --- [task-app] [main] taskApp.TaskApplication                  : Started TaskApplication in 4.718 seconds (process running for 5.222)
2026-07-29T13:24:03.888+03:00  INFO 5380 --- [task-app] [http-nio-8080-exec-6] o.a.c.c.C.[Tomcat].[localhost].[/]       : Initializing Spring DispatcherServlet 'dispatcherServlet'
2026-07-29T13:24:03.888+03:00  INFO 5380 --- [task-app] [http-nio-8080-exec-6] o.s.web.servlet.DispatcherServlet        : Initializing Servlet 'dispatcherServlet'
2026-07-29T13:24:03.890+03:00  INFO 5380 --- [task-app] [http-nio-8080-exec-6] o.s.web.servlet.DispatcherServlet        : Completed initialization in 2 ms
2026-07-29T13:24:49.172+03:00  INFO 5380 --- [task-app] [http-nio-8080-exec-1] taskApp.controller.TaskController        : got post request
2026-07-29T13:24:49.172+03:00  INFO 5380 --- [task-app] [http-nio-8080-exec-1] taskApp.service.TaskServiceImpl          : Task created
2026-07-29T13:33:21.775+03:00  INFO 5380 --- [task-app] [SpringApplicationShutdownHook] o.s.boot.tomcat.GracefulShutdown         : Commencing graceful shutdown. Waiting for active requests to complete
2026-07-29T13:33:21.782+03:00  INFO 5380 --- [task-app] [tomcat-shutdown] o.s.boot.tomcat.GracefulShutdown         : Graceful shutdown complete
2026-07-29T13:33:21.786+03:00  INFO 5380 --- [task-app] [SpringApplicationShutdownHook] j.LocalContainerEntityManagerFactoryBean : Closing JPA EntityManagerFactory for persistence unit 'default'
2026-07-29T13:33:21.788+03:00  INFO 5380 --- [task-app] [SpringApplicationShutdownHook] com.zaxxer.hikari.HikariDataSource       : HikariPool-1 - Shutdown initiated...
2026-07-29T13:33:21.789+03:00  INFO 5380 --- [task-app] [SpringApplicationShutdownHook] com.zaxxer.hikari.HikariDataSource       : HikariPool-1 - Shutdown completed.
2026-07-29T13:33:27.936+03:00  INFO 23196 --- [task-app] [main] taskApp.TaskApplication                  : Starting TaskApplication using Java 25.0.1 with PID 23196 (C:\PROJECTS\task-app\target\classes started by Daniil Pevzner in C:\PROJECTS\task-app)
2026-07-29T13:33:27.940+03:00  INFO 23196 --- [task-app] [main] taskApp.TaskApplication                  : No active profile set, falling back to 1 default profile: "default"
2026-07-29T13:33:28.734+03:00  INFO 23196 --- [task-app] [main] .s.d.r.c.RepositoryConfigurationDelegate : Bootstrapping Spring Data JPA repositories in DEFAULT mode.
2026-07-29T13:33:28.792+03:00  INFO 23196 --- [task-app] [main] .s.d.r.c.RepositoryConfigurationDelegate : Finished Spring Data repository scanning in 48 ms. Found 1 JPA repository interface.
2026-07-29T13:33:29.294+03:00  INFO 23196 --- [task-app] [main] o.s.boot.tomcat.TomcatWebServer          : Tomcat initialized with port 8080 (http)
2026-07-29T13:33:29.308+03:00  INFO 23196 --- [task-app] [main] o.apache.catalina.core.StandardService   : Starting service [Tomcat]
2026-07-29T13:33:29.308+03:00  INFO 23196 --- [task-app] [main] o.apache.catalina.core.StandardEngine    : Starting Servlet engine: [Apache Tomcat/11.0.22]
2026-07-29T13:33:29.370+03:00  INFO 23196 --- [task-app] [main] b.w.c.s.WebApplicationContextInitializer : Root WebApplicationContext: initialization completed in 1363 ms
2026-07-29T13:33:29.567+03:00  INFO 23196 --- [task-app] [main] org.hibernate.orm.jpa                    : HHH008540: Processing PersistenceUnitInfo [name: default]
2026-07-29T13:33:29.618+03:00  INFO 23196 --- [task-app] [main] org.hibernate.orm.core                   : HHH000001: Hibernate ORM core version 7.4.1.Final
2026-07-29T13:33:30.079+03:00  INFO 23196 --- [task-app] [main] o.s.o.j.p.SpringPersistenceUnitInfo      : No LoadTimeWeaver setup: ignoring JPA class transformer
2026-07-29T13:33:30.116+03:00  INFO 23196 --- [task-app] [main] com.zaxxer.hikari.HikariDataSource       : HikariPool-1 - Starting...
2026-07-29T13:33:30.291+03:00  INFO 23196 --- [task-app] [main] com.zaxxer.hikari.pool.HikariPool        : HikariPool-1 - Added connection conn0: url=jdbc:h2:mem:tododb user=ROOT
2026-07-29T13:33:30.293+03:00  INFO 23196 --- [task-app] [main] com.zaxxer.hikari.HikariDataSource       : HikariPool-1 - Start completed.
2026-07-29T13:33:30.316+03:00  WARN 23196 --- [task-app] [main] org.hibernate.orm.deprecation            : HHH90000025: H2Dialect does not need to be specified explicitly using 'hibernate.dialect' (remove the property setting and it will be selected by default)
2026-07-29T13:33:30.340+03:00  INFO 23196 --- [task-app] [main] org.hibernate.orm.connections.pooling    : HHH10001005: Database info:
	Database JDBC URL [jdbc:h2:mem:tododb]
	Database driver: H2 JDBC Driver
	Database dialect: H2Dialect
	Database version: 2.4.240
	Default catalog/schema: TODODB/PUBLIC
	Autocommit mode: undefined/unknown
	Isolation level: READ_COMMITTED [default READ_COMMITTED]
	JDBC fetch size: 100
	Pool: DataSourceConnectionProvider
	Minimum pool size: undefined/unknown
	Maximum pool size: undefined/unknown
2026-07-29T13:33:31.232+03:00  INFO 23196 --- [task-app] [main] org.hibernate.orm.core                   : HHH000489: No JTA platform available (set 'hibernate.transaction.jta.platform' to enable JTA platform integration)
2026-07-29T13:33:31.267+03:00  INFO 23196 --- [task-app] [main] j.LocalContainerEntityManagerFactoryBean : Initialized JPA EntityManagerFactory for persistence unit 'default'
2026-07-29T13:33:31.347+03:00  INFO 23196 --- [task-app] [main] o.s.d.j.r.query.QueryEnhancerFactories   : Hibernate is in classpath; If applicable, HQL parser will be used.
2026-07-29T13:33:31.487+03:00  WARN 23196 --- [task-app] [main] JpaBaseConfiguration$JpaWebConfiguration : spring.jpa.open-in-view is enabled by default. Therefore, database queries may be performed during view rendering. Explicitly configure spring.jpa.open-in-view to disable this warning
2026-07-29T13:33:31.803+03:00  INFO 23196 --- [task-app] [main] o.s.b.h.a.H2ConsoleAutoConfiguration     : H2 console available at '/h2-console'. Database available at 'jdbc:h2:mem:tododb'
2026-07-29T13:33:31.853+03:00  INFO 23196 --- [task-app] [main] o.s.boot.tomcat.TomcatWebServer          : Tomcat started on port 8080 (http) with context path '/'
2026-07-29T13:33:31.861+03:00  INFO 23196 --- [task-app] [main] taskApp.TaskApplication                  : Started TaskApplication in 4.455 seconds (process running for 4.971)
2026-07-29T13:33:44.489+03:00  INFO 23196 --- [task-app] [http-nio-8080-exec-2] o.a.c.c.C.[Tomcat].[localhost].[/]       : Initializing Spring DispatcherServlet 'dispatcherServlet'
2026-07-29T13:33:44.489+03:00  INFO 23196 --- [task-app] [http-nio-8080-exec-2] o.s.web.servlet.DispatcherServlet        : Initializing Servlet 'dispatcherServlet'
2026-07-29T13:33:44.491+03:00  INFO 23196 --- [task-app] [http-nio-8080-exec-2] o.s.web.servlet.DispatcherServlet        : Completed initialization in 2 ms
2026-07-29T13:33:44.682+03:00  WARN 23196 --- [task-app] [http-nio-8080-exec-2] .w.s.m.s.DefaultHandlerExceptionResolver : Resolved [org.springframework.web.bind.MethodArgumentNotValidException: Validation failed for argument [0] in public org.springframework.http.ResponseEntity<taskApp.model.TaskResponse> taskApp.controller.TaskController.create(taskApp.model.TaskRequest) with 2 errors: [Field error in object 'taskRequest' on field 'description': rejected value []; codes [NotBlank.taskRequest.description,NotBlank.description,NotBlank.java.lang.String,NotBlank]; arguments [org.springframework.context.support.DefaultMessageSourceResolvable: codes [taskRequest.description,description]; arguments []; default message [description]]; default message [ task description required]] [Field error in object 'taskRequest' on field 'description': rejected value []; codes [Size.taskRequest.description,Size.description,Size.java.lang.String,Size]; arguments [org.springframework.context.support.DefaultMessageSourceResolvable: codes [taskRequest.description,description]; arguments []; default message [description],200,2]; default message [task description length should be in [2,200]]] ]
2026-07-29T13:33:58.407+03:00  INFO 23196 --- [task-app] [http-nio-8080-exec-4] taskApp.controller.TaskController        : got post request
2026-07-29T13:33:58.407+03:00  INFO 23196 --- [task-app] [http-nio-8080-exec-4] taskApp.service.TaskServiceImpl          : Task created
2026-07-29T13:34:07.227+03:00  INFO 23196 --- [task-app] [http-nio-8080-exec-5] taskApp.controller.TaskController        : got get all tasks request
2026-07-29T13:34:07.227+03:00  INFO 23196 --- [task-app] [http-nio-8080-exec-5] taskApp.service.TaskServiceImpl          : Reading task list
2026-07-29T13:34:11.926+03:00  INFO 23196 --- [task-app] [SpringApplicationShutdownHook] o.s.boot.tomcat.GracefulShutdown         : Commencing graceful shutdown. Waiting for active requests to complete
2026-07-29T13:34:11.935+03:00  INFO 23196 --- [task-app] [tomcat-shutdown] o.s.boot.tomcat.GracefulShutdown         : Graceful shutdown complete
2026-07-29T13:34:11.940+03:00  INFO 23196 --- [task-app] [SpringApplicationShutdownHook] j.LocalContainerEntityManagerFactoryBean : Closing JPA EntityManagerFactory for persistence unit 'default'
2026-07-29T13:34:11.944+03:00  INFO 23196 --- [task-app] [SpringApplicationShutdownHook] com.zaxxer.hikari.HikariDataSource       : HikariPool-1 - Shutdown initiated...
2026-07-29T13:34:11.947+03:00  INFO 23196 --- [task-app] [SpringApplicationShutdownHook] com.zaxxer.hikari.HikariDataSource       : HikariPool-1 - Shutdown completed.
2026-07-29T13:34:14.254+03:00  INFO 29900 --- [task-app] [main] taskApp.TaskApplication                  : Starting TaskApplication using Java 25.0.1 with PID 29900 (C:\PROJECTS\task-app\target\classes started by Daniil Pevzner in C:\PROJECTS\task-app)
2026-07-29T13:34:14.259+03:00  INFO 29900 --- [task-app] [main] taskApp.TaskApplication                  : No active profile set, falling back to 1 default profile: "default"
2026-07-29T13:34:15.086+03:00  INFO 29900 --- [task-app] [main] .s.d.r.c.RepositoryConfigurationDelegate : Bootstrapping Spring Data JPA repositories in DEFAULT mode.
2026-07-29T13:34:15.151+03:00  INFO 29900 --- [task-app] [main] .s.d.r.c.RepositoryConfigurationDelegate : Finished Spring Data repository scanning in 50 ms. Found 1 JPA repository interface.
2026-07-29T13:34:15.691+03:00  INFO 29900 --- [task-app] [main] o.s.boot.tomcat.TomcatWebServer          : Tomcat initialized with port 8080 (http)
2026-07-29T13:34:15.711+03:00  INFO 29900 --- [task-app] [main] o.apache.catalina.core.StandardService   : Starting service [Tomcat]
2026-07-29T13:34:15.711+03:00  INFO 29900 --- [task-app] [main] o.apache.catalina.core.StandardEngine    : Starting Servlet engine: [Apache Tomcat/11.0.22]
2026-07-29T13:34:15.792+03:00  INFO 29900 --- [task-app] [main] b.w.c.s.WebApplicationContextInitializer : Root WebApplicationContext: initialization completed in 1469 ms
2026-07-29T13:34:16.020+03:00  INFO 29900 --- [task-app] [main] org.hibernate.orm.jpa                    : HHH008540: Processing PersistenceUnitInfo [name: default]
2026-07-29T13:34:16.085+03:00  INFO 29900 --- [task-app] [main] org.hibernate.orm.core                   : HHH000001: Hibernate ORM core version 7.4.1.Final
2026-07-29T13:34:16.637+03:00  INFO 29900 --- [task-app] [main] o.s.o.j.p.SpringPersistenceUnitInfo      : No LoadTimeWeaver setup: ignoring JPA class transformer
2026-07-29T13:34:16.668+03:00  INFO 29900 --- [task-app] [main] com.zaxxer.hikari.HikariDataSource       : HikariPool-1 - Starting...
2026-07-29T13:34:16.868+03:00  INFO 29900 --- [task-app] [main] com.zaxxer.hikari.pool.HikariPool        : HikariPool-1 - Added connection conn0: url=jdbc:h2:mem:tododb user=ROOT
2026-07-29T13:34:16.870+03:00  INFO 29900 --- [task-app] [main] com.zaxxer.hikari.HikariDataSource       : HikariPool-1 - Start completed.
2026-07-29T13:34:16.898+03:00  WARN 29900 --- [task-app] [main] org.hibernate.orm.deprecation            : HHH90000025: H2Dialect does not need to be specified explicitly using 'hibernate.dialect' (remove the property setting and it will be selected by default)
2026-07-29T13:34:16.922+03:00  INFO 29900 --- [task-app] [main] org.hibernate.orm.connections.pooling    : HHH10001005: Database info:
	Database JDBC URL [jdbc:h2:mem:tododb]
	Database driver: H2 JDBC Driver
	Database dialect: H2Dialect
	Database version: 2.4.240
	Default catalog/schema: TODODB/PUBLIC
	Autocommit mode: undefined/unknown
	Isolation level: READ_COMMITTED [default READ_COMMITTED]
	JDBC fetch size: 100
	Pool: DataSourceConnectionProvider
	Minimum pool size: undefined/unknown
	Maximum pool size: undefined/unknown
2026-07-29T13:34:17.789+03:00  INFO 29900 --- [task-app] [main] org.hibernate.orm.core                   : HHH000489: No JTA platform available (set 'hibernate.transaction.jta.platform' to enable JTA platform integration)
2026-07-29T13:34:17.824+03:00  INFO 29900 --- [task-app] [main] j.LocalContainerEntityManagerFactoryBean : Initialized JPA EntityManagerFactory for persistence unit 'default'
2026-07-29T13:34:17.909+03:00  INFO 29900 --- [task-app] [main] o.s.d.j.r.query.QueryEnhancerFactories   : Hibernate is in classpath; If applicable, HQL parser will be used.
2026-07-29T13:34:18.074+03:00  WARN 29900 --- [task-app] [main] JpaBaseConfiguration$JpaWebConfiguration : spring.jpa.open-in-view is enabled by default. Therefore, database queries may be performed during view rendering. Explicitly configure spring.jpa.open-in-view to disable this warning
2026-07-29T13:34:18.407+03:00  INFO 29900 --- [task-app] [main] o.s.b.h.a.H2ConsoleAutoConfiguration     : H2 console available at '/h2-console'. Database available at 'jdbc:h2:mem:tododb'
2026-07-29T13:34:18.466+03:00  INFO 29900 --- [task-app] [main] o.s.boot.tomcat.TomcatWebServer          : Tomcat started on port 8080 (http) with context path '/'
2026-07-29T13:34:18.473+03:00  INFO 29900 --- [task-app] [main] taskApp.TaskApplication                  : Started TaskApplication in 4.798 seconds (process running for 5.507)
2026-07-29T13:34:38.670+03:00  INFO 29900 --- [task-app] [SpringApplicationShutdownHook] o.s.boot.tomcat.GracefulShutdown         : Commencing graceful shutdown. Waiting for active requests to complete
2026-07-29T13:34:38.679+03:00  INFO 29900 --- [task-app] [tomcat-shutdown] o.s.boot.tomcat.GracefulShutdown         : Graceful shutdown complete
2026-07-29T13:34:38.683+03:00  INFO 29900 --- [task-app] [SpringApplicationShutdownHook] j.LocalContainerEntityManagerFactoryBean : Closing JPA EntityManagerFactory for persistence unit 'default'
2026-07-29T13:34:38.686+03:00  INFO 29900 --- [task-app] [SpringApplicationShutdownHook] com.zaxxer.hikari.HikariDataSource       : HikariPool-1 - Shutdown initiated...
2026-07-29T13:34:38.688+03:00  INFO 29900 --- [task-app] [SpringApplicationShutdownHook] com.zaxxer.hikari.HikariDataSource       : HikariPool-1 - Shutdown completed.
2026-07-29T13:34:43.473+03:00  INFO 13240 --- [task-app] [main] taskApp.TaskApplication                  : Starting TaskApplication using Java 25.0.1 with PID 13240 (C:\PROJECTS\task-app\target\classes started by Daniil Pevzner in C:\PROJECTS\task-app)
2026-07-29T13:34:43.478+03:00  INFO 13240 --- [task-app] [main] taskApp.TaskApplication                  : No active profile set, falling back to 1 default profile: "default"
2026-07-29T13:34:44.269+03:00  INFO 13240 --- [task-app] [main] .s.d.r.c.RepositoryConfigurationDelegate : Bootstrapping Spring Data JPA repositories in DEFAULT mode.
2026-07-29T13:34:44.335+03:00  INFO 13240 --- [task-app] [main] .s.d.r.c.RepositoryConfigurationDelegate : Finished Spring Data repository scanning in 55 ms. Found 1 JPA repository interface.
2026-07-29T13:34:44.852+03:00  INFO 13240 --- [task-app] [main] o.s.boot.tomcat.TomcatWebServer          : Tomcat initialized with port 8080 (http)
2026-07-29T13:34:44.866+03:00  INFO 13240 --- [task-app] [main] o.apache.catalina.core.StandardService   : Starting service [Tomcat]
2026-07-29T13:34:44.867+03:00  INFO 13240 --- [task-app] [main] o.apache.catalina.core.StandardEngine    : Starting Servlet engine: [Apache Tomcat/11.0.22]
2026-07-29T13:34:44.934+03:00  INFO 13240 --- [task-app] [main] b.w.c.s.WebApplicationContextInitializer : Root WebApplicationContext: initialization completed in 1390 ms
2026-07-29T13:34:45.143+03:00  INFO 13240 --- [task-app] [main] org.hibernate.orm.jpa                    : HHH008540: Processing PersistenceUnitInfo [name: default]
2026-07-29T13:34:45.199+03:00  INFO 13240 --- [task-app] [main] org.hibernate.orm.core                   : HHH000001: Hibernate ORM core version 7.4.1.Final
2026-07-29T13:34:45.690+03:00  INFO 13240 --- [task-app] [main] o.s.o.j.p.SpringPersistenceUnitInfo      : No LoadTimeWeaver setup: ignoring JPA class transformer
2026-07-29T13:34:45.724+03:00  INFO 13240 --- [task-app] [main] com.zaxxer.hikari.HikariDataSource       : HikariPool-1 - Starting...
2026-07-29T13:34:45.891+03:00  INFO 13240 --- [task-app] [main] com.zaxxer.hikari.pool.HikariPool        : HikariPool-1 - Added connection conn0: url=jdbc:h2:mem:tododb user=ROOT
2026-07-29T13:34:45.892+03:00  INFO 13240 --- [task-app] [main] com.zaxxer.hikari.HikariDataSource       : HikariPool-1 - Start completed.
2026-07-29T13:34:45.919+03:00  WARN 13240 --- [task-app] [main] org.hibernate.orm.deprecation            : HHH90000025: H2Dialect does not need to be specified explicitly using 'hibernate.dialect' (remove the property setting and it will be selected by default)
2026-07-29T13:34:45.942+03:00  INFO 13240 --- [task-app] [main] org.hibernate.orm.connections.pooling    : HHH10001005: Database info:
	Database JDBC URL [jdbc:h2:mem:tododb]
	Database driver: H2 JDBC Driver
	Database dialect: H2Dialect
	Database version: 2.4.240
	Default catalog/schema: TODODB/PUBLIC
	Autocommit mode: undefined/unknown
	Isolation level: READ_COMMITTED [default READ_COMMITTED]
	JDBC fetch size: 100
	Pool: DataSourceConnectionProvider
	Minimum pool size: undefined/unknown
	Maximum pool size: undefined/unknown
2026-07-29T13:34:46.821+03:00  INFO 13240 --- [task-app] [main] org.hibernate.orm.core                   : HHH000489: No JTA platform available (set 'hibernate.transaction.jta.platform' to enable JTA platform integration)
2026-07-29T13:34:46.853+03:00  INFO 13240 --- [task-app] [main] j.LocalContainerEntityManagerFactoryBean : Initialized JPA EntityManagerFactory for persistence unit 'default'
2026-07-29T13:34:46.934+03:00  INFO 13240 --- [task-app] [main] o.s.d.j.r.query.QueryEnhancerFactories   : Hibernate is in classpath; If applicable, HQL parser will be used.
2026-07-29T13:34:47.072+03:00  WARN 13240 --- [task-app] [main] JpaBaseConfiguration$JpaWebConfiguration : spring.jpa.open-in-view is enabled by default. Therefore, database queries may be performed during view rendering. Explicitly configure spring.jpa.open-in-view to disable this warning
2026-07-29T13:34:47.373+03:00  INFO 13240 --- [task-app] [main] o.s.b.h.a.H2ConsoleAutoConfiguration     : H2 console available at '/h2-console'. Database available at 'jdbc:h2:mem:tododb'
2026-07-29T13:34:47.428+03:00  INFO 13240 --- [task-app] [main] o.s.boot.tomcat.TomcatWebServer          : Tomcat started on port 8080 (http) with context path '/'
2026-07-29T13:34:47.436+03:00  INFO 13240 --- [task-app] [main] taskApp.TaskApplication                  : Started TaskApplication in 4.521 seconds (process running for 5.034)
2026-07-29T13:35:09.099+03:00  INFO 13240 --- [task-app] [http-nio-8080-exec-2] o.a.c.c.C.[Tomcat].[localhost].[/]       : Initializing Spring DispatcherServlet 'dispatcherServlet'
2026-07-29T13:35:09.099+03:00  INFO 13240 --- [task-app] [http-nio-8080-exec-2] o.s.web.servlet.DispatcherServlet        : Initializing Servlet 'dispatcherServlet'
2026-07-29T13:35:09.100+03:00  INFO 13240 --- [task-app] [http-nio-8080-exec-2] o.s.web.servlet.DispatcherServlet        : Completed initialization in 1 ms
2026-07-29T13:35:09.192+03:00  INFO 13240 --- [task-app] [http-nio-8080-exec-2] taskApp.controller.TaskController        : got get all tasks request
2026-07-29T13:35:09.193+03:00  INFO 13240 --- [task-app] [http-nio-8080-exec-2] taskApp.service.TaskServiceImpl          : Reading task list
2026-07-29T13:35:16.167+03:00  INFO 13240 --- [task-app] [http-nio-8080-exec-3] taskApp.controller.TaskController        : got post request
2026-07-29T13:35:16.168+03:00  INFO 13240 --- [task-app] [http-nio-8080-exec-3] taskApp.service.TaskServiceImpl          : Task created
2026-07-29T13:35:23.879+03:00  WARN 13240 --- [task-app] [http-nio-8080-exec-4] .w.s.m.s.DefaultHandlerExceptionResolver : Resolved [org.springframework.web.bind.MethodArgumentNotValidException: Validation failed for argument [0] in public org.springframework.http.ResponseEntity<taskApp.model.TaskResponse> taskApp.controller.TaskController.create(taskApp.model.TaskRequest) with 2 errors: [Field error in object 'taskRequest' on field 'description': rejected value []; codes [Size.taskRequest.description,Size.description,Size.java.lang.String,Size]; arguments [org.springframework.context.support.DefaultMessageSourceResolvable: codes [taskRequest.description,description]; arguments []; default message [description],200,2]; default message [task description length should be in [2,200]]] [Field error in object 'taskRequest' on field 'description': rejected value []; codes [NotBlank.taskRequest.description,NotBlank.description,NotBlank.java.lang.String,NotBlank]; arguments [org.springframework.context.support.DefaultMessageSourceResolvable: codes [taskRequest.description,description]; arguments []; default message [description]]; default message [ task description required]] ]
2026-07-29T13:37:47.428+03:00  INFO 13240 --- [task-app] [SpringApplicationShutdownHook] o.s.boot.tomcat.GracefulShutdown         : Commencing graceful shutdown. Waiting for active requests to complete
2026-07-29T13:37:47.437+03:00  INFO 13240 --- [task-app] [tomcat-shutdown] o.s.boot.tomcat.GracefulShutdown         : Graceful shutdown complete
2026-07-29T13:37:47.441+03:00  INFO 13240 --- [task-app] [SpringApplicationShutdownHook] j.LocalContainerEntityManagerFactoryBean : Closing JPA EntityManagerFactory for persistence unit 'default'
2026-07-29T13:37:47.443+03:00  INFO 13240 --- [task-app] [SpringApplicationShutdownHook] com.zaxxer.hikari.HikariDataSource       : HikariPool-1 - Shutdown initiated...
2026-07-29T13:37:47.447+03:00  INFO 13240 --- [task-app] [SpringApplicationShutdownHook] com.zaxxer.hikari.HikariDataSource       : HikariPool-1 - Shutdown completed.
2026-07-29T13:37:52.268+03:00  INFO 16644 --- [task-app] [main] taskApp.TaskApplication                  : Starting TaskApplication using Java 25.0.1 with PID 16644 (C:\PROJECTS\task-app\target\classes started by Daniil Pevzner in C:\PROJECTS\task-app)
2026-07-29T13:37:52.273+03:00  INFO 16644 --- [task-app] [main] taskApp.TaskApplication                  : No active profile set, falling back to 1 default profile: "default"
2026-07-29T13:37:53.028+03:00  INFO 16644 --- [task-app] [main] .s.d.r.c.RepositoryConfigurationDelegate : Bootstrapping Spring Data JPA repositories in DEFAULT mode.
2026-07-29T13:37:53.090+03:00  INFO 16644 --- [task-app] [main] .s.d.r.c.RepositoryConfigurationDelegate : Finished Spring Data repository scanning in 50 ms. Found 1 JPA repository interface.
2026-07-29T13:37:53.582+03:00  INFO 16644 --- [task-app] [main] o.s.boot.tomcat.TomcatWebServer          : Tomcat initialized with port 8080 (http)
2026-07-29T13:37:53.598+03:00  INFO 16644 --- [task-app] [main] o.apache.catalina.core.StandardService   : Starting service [Tomcat]
2026-07-29T13:37:53.598+03:00  INFO 16644 --- [task-app] [main] o.apache.catalina.core.StandardEngine    : Starting Servlet engine: [Apache Tomcat/11.0.22]
2026-07-29T13:37:53.659+03:00  INFO 16644 --- [task-app] [main] b.w.c.s.WebApplicationContextInitializer : Root WebApplicationContext: initialization completed in 1322 ms
2026-07-29T13:37:53.861+03:00  INFO 16644 --- [task-app] [main] org.hibernate.orm.jpa                    : HHH008540: Processing PersistenceUnitInfo [name: default]
2026-07-29T13:37:53.924+03:00  INFO 16644 --- [task-app] [main] org.hibernate.orm.core                   : HHH000001: Hibernate ORM core version 7.4.1.Final
2026-07-29T13:37:54.391+03:00  INFO 16644 --- [task-app] [main] o.s.o.j.p.SpringPersistenceUnitInfo      : No LoadTimeWeaver setup: ignoring JPA class transformer
2026-07-29T13:37:54.424+03:00  INFO 16644 --- [task-app] [main] com.zaxxer.hikari.HikariDataSource       : HikariPool-1 - Starting...
2026-07-29T13:37:54.594+03:00  INFO 16644 --- [task-app] [main] com.zaxxer.hikari.pool.HikariPool        : HikariPool-1 - Added connection conn0: url=jdbc:h2:mem:tododb user=ROOT
2026-07-29T13:37:54.597+03:00  INFO 16644 --- [task-app] [main] com.zaxxer.hikari.HikariDataSource       : HikariPool-1 - Start completed.
2026-07-29T13:37:54.621+03:00  WARN 16644 --- [task-app] [main] org.hibernate.orm.deprecation            : HHH90000025: H2Dialect does not need to be specified explicitly using 'hibernate.dialect' (remove the property setting and it will be selected by default)
2026-07-29T13:37:54.644+03:00  INFO 16644 --- [task-app] [main] org.hibernate.orm.connections.pooling    : HHH10001005: Database info:
	Database JDBC URL [jdbc:h2:mem:tododb]
	Database driver: H2 JDBC Driver
	Database dialect: H2Dialect
	Database version: 2.4.240
	Default catalog/schema: TODODB/PUBLIC
	Autocommit mode: undefined/unknown
	Isolation level: READ_COMMITTED [default READ_COMMITTED]
	JDBC fetch size: 100
	Pool: DataSourceConnectionProvider
	Minimum pool size: undefined/unknown
	Maximum pool size: undefined/unknown
2026-07-29T13:37:55.536+03:00  INFO 16644 --- [task-app] [main] org.hibernate.orm.core                   : HHH000489: No JTA platform available (set 'hibernate.transaction.jta.platform' to enable JTA platform integration)
2026-07-29T13:37:55.570+03:00  INFO 16644 --- [task-app] [main] j.LocalContainerEntityManagerFactoryBean : Initialized JPA EntityManagerFactory for persistence unit 'default'
2026-07-29T13:37:55.667+03:00  INFO 16644 --- [task-app] [main] o.s.d.j.r.query.QueryEnhancerFactories   : Hibernate is in classpath; If applicable, HQL parser will be used.
2026-07-29T13:37:55.815+03:00  WARN 16644 --- [task-app] [main] JpaBaseConfiguration$JpaWebConfiguration : spring.jpa.open-in-view is enabled by default. Therefore, database queries may be performed during view rendering. Explicitly configure spring.jpa.open-in-view to disable this warning
2026-07-29T13:37:56.112+03:00  INFO 16644 --- [task-app] [main] o.s.b.h.a.H2ConsoleAutoConfiguration     : H2 console available at '/h2-console'. Database available at 'jdbc:h2:mem:tododb'
2026-07-29T13:37:56.169+03:00  INFO 16644 --- [task-app] [main] o.s.boot.tomcat.TomcatWebServer          : Tomcat started on port 8080 (http) with context path '/'
2026-07-29T13:37:56.175+03:00  INFO 16644 --- [task-app] [main] taskApp.TaskApplication                  : Started TaskApplication in 4.502 seconds (process running for 5.04)
2026-07-29T13:38:00.588+03:00  INFO 16644 --- [task-app] [http-nio-8080-exec-1] o.a.c.c.C.[Tomcat].[localhost].[/]       : Initializing Spring DispatcherServlet 'dispatcherServlet'
2026-07-29T13:38:00.589+03:00  INFO 16644 --- [task-app] [http-nio-8080-exec-1] o.s.web.servlet.DispatcherServlet        : Initializing Servlet 'dispatcherServlet'
2026-07-29T13:38:00.591+03:00  INFO 16644 --- [task-app] [http-nio-8080-exec-1] o.s.web.servlet.DispatcherServlet        : Completed initialization in 2 ms
2026-07-29T14:27:01.000+03:00  INFO 16644 --- [task-app] [SpringApplicationShutdownHook] o.s.boot.tomcat.GracefulShutdown         : Commencing graceful shutdown. Waiting for active requests to complete
2026-07-29T14:27:01.009+03:00  INFO 16644 --- [task-app] [tomcat-shutdown] o.s.boot.tomcat.GracefulShutdown         : Graceful shutdown complete
2026-07-29T14:27:01.013+03:00  INFO 16644 --- [task-app] [SpringApplicationShutdownHook] j.LocalContainerEntityManagerFactoryBean : Closing JPA EntityManagerFactory for persistence unit 'default'
2026-07-29T14:27:01.015+03:00  INFO 16644 --- [task-app] [SpringApplicationShutdownHook] com.zaxxer.hikari.HikariDataSource       : HikariPool-1 - Shutdown initiated...
2026-07-29T14:27:01.018+03:00  INFO 16644 --- [task-app] [SpringApplicationShutdownHook] com.zaxxer.hikari.HikariDataSource       : HikariPool-1 - Shutdown completed.
2026-07-29T14:27:21.583+03:00  INFO 3180 --- [task-app] [main] taskApp.TaskApplication                  : Starting TaskApplication using Java 25.0.1 with PID 3180 (C:\PROJECTS\task-app\target\classes started by Daniil Pevzner in C:\PROJECTS\task-app)
2026-07-29T14:27:21.588+03:00  INFO 3180 --- [task-app] [main] taskApp.TaskApplication                  : No active profile set, falling back to 1 default profile: "default"
2026-07-29T14:27:22.361+03:00  INFO 3180 --- [task-app] [main] .s.d.r.c.RepositoryConfigurationDelegate : Bootstrapping Spring Data JPA repositories in DEFAULT mode.
2026-07-29T14:27:22.422+03:00  INFO 3180 --- [task-app] [main] .s.d.r.c.RepositoryConfigurationDelegate : Finished Spring Data repository scanning in 51 ms. Found 1 JPA repository interface.
2026-07-29T14:27:22.942+03:00  INFO 3180 --- [task-app] [main] o.s.boot.tomcat.TomcatWebServer          : Tomcat initialized with port 8080 (http)
2026-07-29T14:27:22.959+03:00  INFO 3180 --- [task-app] [main] o.apache.catalina.core.StandardService   : Starting service [Tomcat]
2026-07-29T14:27:22.959+03:00  INFO 3180 --- [task-app] [main] o.apache.catalina.core.StandardEngine    : Starting Servlet engine: [Apache Tomcat/11.0.22]
2026-07-29T14:27:23.026+03:00  INFO 3180 --- [task-app] [main] b.w.c.s.WebApplicationContextInitializer : Root WebApplicationContext: initialization completed in 1365 ms
2026-07-29T14:27:23.228+03:00  INFO 3180 --- [task-app] [main] org.hibernate.orm.jpa                    : HHH008540: Processing PersistenceUnitInfo [name: default]
2026-07-29T14:27:23.279+03:00  INFO 3180 --- [task-app] [main] org.hibernate.orm.core                   : HHH000001: Hibernate ORM core version 7.4.1.Final
2026-07-29T14:27:23.749+03:00  INFO 3180 --- [task-app] [main] o.s.o.j.p.SpringPersistenceUnitInfo      : No LoadTimeWeaver setup: ignoring JPA class transformer
2026-07-29T14:27:23.780+03:00  INFO 3180 --- [task-app] [main] com.zaxxer.hikari.HikariDataSource       : HikariPool-1 - Starting...
2026-07-29T14:27:23.950+03:00  INFO 3180 --- [task-app] [main] com.zaxxer.hikari.pool.HikariPool        : HikariPool-1 - Added connection conn0: url=jdbc:h2:mem:tododb user=ROOT
2026-07-29T14:27:23.953+03:00  INFO 3180 --- [task-app] [main] com.zaxxer.hikari.HikariDataSource       : HikariPool-1 - Start completed.
2026-07-29T14:27:23.978+03:00  WARN 3180 --- [task-app] [main] org.hibernate.orm.deprecation            : HHH90000025: H2Dialect does not need to be specified explicitly using 'hibernate.dialect' (remove the property setting and it will be selected by default)
2026-07-29T14:27:24.000+03:00  INFO 3180 --- [task-app] [main] org.hibernate.orm.connections.pooling    : HHH10001005: Database info:
	Database JDBC URL [jdbc:h2:mem:tododb]
	Database driver: H2 JDBC Driver
	Database dialect: H2Dialect
	Database version: 2.4.240
	Default catalog/schema: TODODB/PUBLIC
	Autocommit mode: undefined/unknown
	Isolation level: READ_COMMITTED [default READ_COMMITTED]
	JDBC fetch size: 100
	Pool: DataSourceConnectionProvider
	Minimum pool size: undefined/unknown
	Maximum pool size: undefined/unknown
2026-07-29T14:27:24.889+03:00  INFO 3180 --- [task-app] [main] org.hibernate.orm.core                   : HHH000489: No JTA platform available (set 'hibernate.transaction.jta.platform' to enable JTA platform integration)
2026-07-29T14:27:24.922+03:00  INFO 3180 --- [task-app] [main] j.LocalContainerEntityManagerFactoryBean : Initialized JPA EntityManagerFactory for persistence unit 'default'
2026-07-29T14:27:25.003+03:00  INFO 3180 --- [task-app] [main] o.s.d.j.r.query.QueryEnhancerFactories   : Hibernate is in classpath; If applicable, HQL parser will be used.
2026-07-29T14:27:25.143+03:00  WARN 3180 --- [task-app] [main] JpaBaseConfiguration$JpaWebConfiguration : spring.jpa.open-in-view is enabled by default. Therefore, database queries may be performed during view rendering. Explicitly configure spring.jpa.open-in-view to disable this warning
2026-07-29T14:27:25.452+03:00  INFO 3180 --- [task-app] [main] o.s.b.h.a.H2ConsoleAutoConfiguration     : H2 console available at '/h2-console'. Database available at 'jdbc:h2:mem:tododb'
2026-07-29T14:27:25.505+03:00  INFO 3180 --- [task-app] [main] o.s.boot.tomcat.TomcatWebServer          : Tomcat started on port 8080 (http) with context path '/'
2026-07-29T14:27:25.512+03:00  INFO 3180 --- [task-app] [main] taskApp.TaskApplication                  : Started TaskApplication in 4.467 seconds (process running for 4.974)
2026-07-29T14:27:38.449+03:00  INFO 3180 --- [task-app] [http-nio-8080-exec-1] o.a.c.c.C.[Tomcat].[localhost].[/]       : Initializing Spring DispatcherServlet 'dispatcherServlet'
2026-07-29T14:27:38.449+03:00  INFO 3180 --- [task-app] [http-nio-8080-exec-1] o.s.web.servlet.DispatcherServlet        : Initializing Servlet 'dispatcherServlet'
2026-07-29T14:27:38.451+03:00  INFO 3180 --- [task-app] [http-nio-8080-exec-1] o.s.web.servlet.DispatcherServlet        : Completed initialization in 2 ms
2026-07-29T14:27:38.533+03:00  INFO 3180 --- [task-app] [http-nio-8080-exec-1] taskApp.service.TaskServiceImpl          : Reading task list
2026-07-29T14:27:38.747+03:00  WARN 3180 --- [task-app] [http-nio-8080-exec-1] ration$PageModule$WarningLoggingModifier : Serializing PageImpl instances as-is is not supported, meaning that there is no guarantee about the stability of the resulting JSON structure!
	For a stable JSON structure, please use Spring Data's PagedModel (globally via @EnableSpringDataWebSupport(pageSerializationMode = VIA_DTO))
	or Spring HATEOAS and Spring Data's PagedResourcesAssembler as documented in https://docs.spring.io/spring-data/commons/reference/repositories/core-extensions.html#core.web.pageables.

2026-07-29T14:27:58.344+03:00  WARN 3180 --- [task-app] [http-nio-8080-exec-3] .w.s.m.s.DefaultHandlerExceptionResolver : Resolved [org.springframework.web.HttpRequestMethodNotSupportedException: Request method 'GET' is not supported]
2026-07-29T14:32:09.094+03:00  INFO 3180 --- [task-app] [SpringApplicationShutdownHook] o.s.boot.tomcat.GracefulShutdown         : Commencing graceful shutdown. Waiting for active requests to complete
2026-07-29T14:32:09.102+03:00  INFO 3180 --- [task-app] [tomcat-shutdown] o.s.boot.tomcat.GracefulShutdown         : Graceful shutdown complete
2026-07-29T14:32:09.106+03:00  INFO 3180 --- [task-app] [SpringApplicationShutdownHook] j.LocalContainerEntityManagerFactoryBean : Closing JPA EntityManagerFactory for persistence unit 'default'
2026-07-29T14:32:09.109+03:00  INFO 3180 --- [task-app] [SpringApplicationShutdownHook] com.zaxxer.hikari.HikariDataSource       : HikariPool-1 - Shutdown initiated...
2026-07-29T14:32:09.112+03:00  INFO 3180 --- [task-app] [SpringApplicationShutdownHook] com.zaxxer.hikari.HikariDataSource       : HikariPool-1 - Shutdown completed.
2026-07-29T14:32:27.571+03:00  INFO 27188 --- [task-app] [main] taskApp.TaskApplication                  : Starting TaskApplication using Java 25.0.1 with PID 27188 (C:\PROJECTS\task-app\target\classes started by Daniil Pevzner in C:\PROJECTS\task-app)
2026-07-29T14:32:27.574+03:00  INFO 27188 --- [task-app] [main] taskApp.TaskApplication                  : No active profile set, falling back to 1 default profile: "default"
2026-07-29T14:32:28.361+03:00  INFO 27188 --- [task-app] [main] .s.d.r.c.RepositoryConfigurationDelegate : Bootstrapping Spring Data JPA repositories in DEFAULT mode.
2026-07-29T14:32:28.427+03:00  INFO 27188 --- [task-app] [main] .s.d.r.c.RepositoryConfigurationDelegate : Finished Spring Data repository scanning in 54 ms. Found 1 JPA repository interface.
2026-07-29T14:32:28.923+03:00  INFO 27188 --- [task-app] [main] o.s.boot.tomcat.TomcatWebServer          : Tomcat initialized with port 8080 (http)
2026-07-29T14:32:28.937+03:00  INFO 27188 --- [task-app] [main] o.apache.catalina.core.StandardService   : Starting service [Tomcat]
2026-07-29T14:32:28.938+03:00  INFO 27188 --- [task-app] [main] o.apache.catalina.core.StandardEngine    : Starting Servlet engine: [Apache Tomcat/11.0.22]
2026-07-29T14:32:28.993+03:00  INFO 27188 --- [task-app] [main] b.w.c.s.WebApplicationContextInitializer : Root WebApplicationContext: initialization completed in 1347 ms
2026-07-29T14:32:29.200+03:00  INFO 27188 --- [task-app] [main] org.hibernate.orm.jpa                    : HHH008540: Processing PersistenceUnitInfo [name: default]
2026-07-29T14:32:29.262+03:00  INFO 27188 --- [task-app] [main] org.hibernate.orm.core                   : HHH000001: Hibernate ORM core version 7.4.1.Final
2026-07-29T14:32:29.745+03:00  INFO 27188 --- [task-app] [main] o.s.o.j.p.SpringPersistenceUnitInfo      : No LoadTimeWeaver setup: ignoring JPA class transformer
2026-07-29T14:32:29.781+03:00  INFO 27188 --- [task-app] [main] com.zaxxer.hikari.HikariDataSource       : HikariPool-1 - Starting...
2026-07-29T14:32:29.962+03:00  INFO 27188 --- [task-app] [main] com.zaxxer.hikari.pool.HikariPool        : HikariPool-1 - Added connection conn0: url=jdbc:h2:mem:tododb user=ROOT
2026-07-29T14:32:29.963+03:00  INFO 27188 --- [task-app] [main] com.zaxxer.hikari.HikariDataSource       : HikariPool-1 - Start completed.
2026-07-29T14:32:29.990+03:00  WARN 27188 --- [task-app] [main] org.hibernate.orm.deprecation            : HHH90000025: H2Dialect does not need to be specified explicitly using 'hibernate.dialect' (remove the property setting and it will be selected by default)
2026-07-29T14:32:30.014+03:00  INFO 27188 --- [task-app] [main] org.hibernate.orm.connections.pooling    : HHH10001005: Database info:
	Database JDBC URL [jdbc:h2:mem:tododb]
	Database driver: H2 JDBC Driver
	Database dialect: H2Dialect
	Database version: 2.4.240
	Default catalog/schema: TODODB/PUBLIC
	Autocommit mode: undefined/unknown
	Isolation level: READ_COMMITTED [default READ_COMMITTED]
	JDBC fetch size: 100
	Pool: DataSourceConnectionProvider
	Minimum pool size: undefined/unknown
	Maximum pool size: undefined/unknown
2026-07-29T14:32:30.853+03:00  INFO 27188 --- [task-app] [main] org.hibernate.orm.core                   : HHH000489: No JTA platform available (set 'hibernate.transaction.jta.platform' to enable JTA platform integration)
2026-07-29T14:32:30.885+03:00  INFO 27188 --- [task-app] [main] j.LocalContainerEntityManagerFactoryBean : Initialized JPA EntityManagerFactory for persistence unit 'default'
2026-07-29T14:32:30.958+03:00  INFO 27188 --- [task-app] [main] o.s.d.j.r.query.QueryEnhancerFactories   : Hibernate is in classpath; If applicable, HQL parser will be used.
2026-07-29T14:32:31.090+03:00  WARN 27188 --- [task-app] [main] JpaBaseConfiguration$JpaWebConfiguration : spring.jpa.open-in-view is enabled by default. Therefore, database queries may be performed during view rendering. Explicitly configure spring.jpa.open-in-view to disable this warning
2026-07-29T14:32:31.390+03:00  INFO 27188 --- [task-app] [main] o.s.b.h.a.H2ConsoleAutoConfiguration     : H2 console available at '/h2-console'. Database available at 'jdbc:h2:mem:tododb'
2026-07-29T14:32:31.452+03:00  INFO 27188 --- [task-app] [main] o.s.boot.tomcat.TomcatWebServer          : Tomcat started on port 8080 (http) with context path '/'
2026-07-29T14:32:31.460+03:00  INFO 27188 --- [task-app] [main] taskApp.TaskApplication                  : Started TaskApplication in 4.415 seconds (process running for 4.939)
2026-07-29T14:32:38.479+03:00  INFO 27188 --- [task-app] [http-nio-8080-exec-1] o.a.c.c.C.[Tomcat].[localhost].[/]       : Initializing Spring DispatcherServlet 'dispatcherServlet'
2026-07-29T14:32:38.479+03:00  INFO 27188 --- [task-app] [http-nio-8080-exec-1] o.s.web.servlet.DispatcherServlet        : Initializing Servlet 'dispatcherServlet'
2026-07-29T14:32:38.481+03:00  INFO 27188 --- [task-app] [http-nio-8080-exec-1] o.s.web.servlet.DispatcherServlet        : Completed initialization in 2 ms
2026-07-29T14:32:38.562+03:00  INFO 27188 --- [task-app] [http-nio-8080-exec-1] taskApp.controller.TaskController        : got get all tasks request
2026-07-29T14:32:38.563+03:00  INFO 27188 --- [task-app] [http-nio-8080-exec-1] taskApp.service.TaskServiceImpl          : Reading task list
2026-07-29T14:32:38.778+03:00  WARN 27188 --- [task-app] [http-nio-8080-exec-1] ration$PageModule$WarningLoggingModifier : Serializing PageImpl instances as-is is not supported, meaning that there is no guarantee about the stability of the resulting JSON structure!
	For a stable JSON structure, please use Spring Data's PagedModel (globally via @EnableSpringDataWebSupport(pageSerializationMode = VIA_DTO))
	or Spring HATEOAS and Spring Data's PagedResourcesAssembler as documented in https://docs.spring.io/spring-data/commons/reference/repositories/core-extensions.html#core.web.pageables.

2026-07-29T14:32:52.334+03:00  INFO 27188 --- [task-app] [http-nio-8080-exec-3] taskApp.controller.TaskController        : got post request
2026-07-29T14:32:52.334+03:00  INFO 27188 --- [task-app] [http-nio-8080-exec-3] taskApp.service.TaskServiceImpl          : Task created
2026-07-29T14:32:57.895+03:00  INFO 27188 --- [task-app] [http-nio-8080-exec-4] taskApp.controller.TaskController        : got get all tasks request
2026-07-29T14:32:57.895+03:00  INFO 27188 --- [task-app] [http-nio-8080-exec-4] taskApp.service.TaskServiceImpl          : Reading task list
2026-07-29T14:57:42.184+03:00  INFO 27188 --- [task-app] [SpringApplicationShutdownHook] o.s.boot.tomcat.GracefulShutdown         : Commencing graceful shutdown. Waiting for active requests to complete
2026-07-29T14:57:42.192+03:00  INFO 27188 --- [task-app] [tomcat-shutdown] o.s.boot.tomcat.GracefulShutdown         : Graceful shutdown complete
2026-07-29T14:57:42.195+03:00  INFO 27188 --- [task-app] [SpringApplicationShutdownHook] j.LocalContainerEntityManagerFactoryBean : Closing JPA EntityManagerFactory for persistence unit 'default'
2026-07-29T14:57:42.198+03:00  INFO 27188 --- [task-app] [SpringApplicationShutdownHook] com.zaxxer.hikari.HikariDataSource       : HikariPool-1 - Shutdown initiated...
2026-07-29T14:57:42.201+03:00  INFO 27188 --- [task-app] [SpringApplicationShutdownHook] com.zaxxer.hikari.HikariDataSource       : HikariPool-1 - Shutdown completed.
2026-07-29T14:57:49.035+03:00  INFO 25880 --- [task-app] [main] d.p.task_app.TaskAppApplicationTests     : Starting TaskAppApplicationTests using Java 25.0.1 with PID 25880 (started by Daniil Pevzner in C:\PROJECTS\task-app)
2026-07-29T14:57:49.039+03:00  INFO 25880 --- [task-app] [main] d.p.task_app.TaskAppApplicationTests     : No active profile set, falling back to 1 default profile: "default"
2026-07-29T14:57:49.821+03:00  INFO 25880 --- [task-app] [main] .s.d.r.c.RepositoryConfigurationDelegate : Bootstrapping Spring Data JPA repositories in DEFAULT mode.
2026-07-29T14:57:49.882+03:00  INFO 25880 --- [task-app] [main] .s.d.r.c.RepositoryConfigurationDelegate : Finished Spring Data repository scanning in 49 ms. Found 1 JPA repository interface.
2026-07-29T14:57:50.280+03:00  INFO 25880 --- [task-app] [main] org.hibernate.orm.jpa                    : HHH008540: Processing PersistenceUnitInfo [name: default]
2026-07-29T14:57:50.347+03:00  INFO 25880 --- [task-app] [main] org.hibernate.orm.core                   : HHH000001: Hibernate ORM core version 7.4.1.Final
2026-07-29T14:57:50.988+03:00  INFO 25880 --- [task-app] [main] o.s.o.j.p.SpringPersistenceUnitInfo      : No LoadTimeWeaver setup: ignoring JPA class transformer
2026-07-29T14:57:51.029+03:00  INFO 25880 --- [task-app] [main] com.zaxxer.hikari.HikariDataSource       : HikariPool-1 - Starting...
2026-07-29T14:57:51.235+03:00  INFO 25880 --- [task-app] [main] com.zaxxer.hikari.pool.HikariPool        : HikariPool-1 - Added connection conn0: url=jdbc:h2:mem:tododb user=ROOT
2026-07-29T14:57:51.237+03:00  INFO 25880 --- [task-app] [main] com.zaxxer.hikari.HikariDataSource       : HikariPool-1 - Start completed.
2026-07-29T14:57:51.262+03:00  WARN 25880 --- [task-app] [main] org.hibernate.orm.deprecation            : HHH90000025: H2Dialect does not need to be specified explicitly using 'hibernate.dialect' (remove the property setting and it will be selected by default)
2026-07-29T14:57:51.287+03:00  INFO 25880 --- [task-app] [main] org.hibernate.orm.connections.pooling    : HHH10001005: Database info:
	Database JDBC URL [jdbc:h2:mem:tododb]
	Database driver: H2 JDBC Driver
	Database dialect: H2Dialect
	Database version: 2.4.240
	Default catalog/schema: TODODB/PUBLIC
	Autocommit mode: undefined/unknown
	Isolation level: READ_COMMITTED [default READ_COMMITTED]
	JDBC fetch size: 100
	Pool: DataSourceConnectionProvider
	Minimum pool size: undefined/unknown
	Maximum pool size: undefined/unknown
2026-07-29T14:57:52.317+03:00  INFO 25880 --- [task-app] [main] org.hibernate.orm.core                   : HHH000489: No JTA platform available (set 'hibernate.transaction.jta.platform' to enable JTA platform integration)
2026-07-29T14:57:52.361+03:00  INFO 25880 --- [task-app] [main] j.LocalContainerEntityManagerFactoryBean : Initialized JPA EntityManagerFactory for persistence unit 'default'
2026-07-29T14:57:52.455+03:00  INFO 25880 --- [task-app] [main] o.s.d.j.r.query.QueryEnhancerFactories   : Hibernate is in classpath; If applicable, HQL parser will be used.
2026-07-29T14:57:52.663+03:00  WARN 25880 --- [task-app] [main] JpaBaseConfiguration$JpaWebConfiguration : spring.jpa.open-in-view is enabled by default. Therefore, database queries may be performed during view rendering. Explicitly configure spring.jpa.open-in-view to disable this warning
2026-07-29T14:57:53.060+03:00  INFO 25880 --- [task-app] [main] o.s.b.h.a.H2ConsoleAutoConfiguration     : H2 console available at '/h2-console'. Database available at 'jdbc:h2:mem:tododb'
2026-07-29T14:57:53.164+03:00  INFO 25880 --- [task-app] [main] d.p.task_app.TaskAppApplicationTests     : Started TaskAppApplicationTests in 4.527 seconds (process running for 5.929)
2026-07-29T14:57:53.544+03:00  INFO 25880 --- [task-app] [main] d.p.task_app.TaskAppApplicationTests     : App context loaded!
2026-07-29T14:57:53.565+03:00  INFO 25880 --- [task-app] [SpringApplicationShutdownHook] j.LocalContainerEntityManagerFactoryBean : Closing JPA EntityManagerFactory for persistence unit 'default'
2026-07-29T14:57:53.567+03:00  INFO 25880 --- [task-app] [SpringApplicationShutdownHook] com.zaxxer.hikari.HikariDataSource       : HikariPool-1 - Shutdown initiated...
2026-07-29T14:57:53.570+03:00  INFO 25880 --- [task-app] [SpringApplicationShutdownHook] com.zaxxer.hikari.HikariDataSource       : HikariPool-1 - Shutdown completed.
2026-07-29T15:39:55.142+03:00  INFO 25348 --- [task-app] [main] d.p.task_app.TaskServiceIntegrationTest  : Starting TaskServiceIntegrationTest using Java 25.0.1 with PID 25348 (started by Daniil Pevzner in C:\PROJECTS\task-app)
2026-07-29T15:39:55.145+03:00  INFO 25348 --- [task-app] [main] d.p.task_app.TaskServiceIntegrationTest  : No active profile set, falling back to 1 default profile: "default"
2026-07-29T15:39:55.938+03:00  INFO 25348 --- [task-app] [main] .s.d.r.c.RepositoryConfigurationDelegate : Bootstrapping Spring Data JPA repositories in DEFAULT mode.
2026-07-29T15:39:56.001+03:00  INFO 25348 --- [task-app] [main] .s.d.r.c.RepositoryConfigurationDelegate : Finished Spring Data repository scanning in 50 ms. Found 1 JPA repository interface.
2026-07-29T15:39:56.433+03:00  INFO 25348 --- [task-app] [main] org.hibernate.orm.jpa                    : HHH008540: Processing PersistenceUnitInfo [name: default]
2026-07-29T15:39:56.501+03:00  INFO 25348 --- [task-app] [main] org.hibernate.orm.core                   : HHH000001: Hibernate ORM core version 7.4.1.Final
2026-07-29T15:39:57.096+03:00  INFO 25348 --- [task-app] [main] o.s.o.j.p.SpringPersistenceUnitInfo      : No LoadTimeWeaver setup: ignoring JPA class transformer
2026-07-29T15:39:57.156+03:00  INFO 25348 --- [task-app] [main] com.zaxxer.hikari.HikariDataSource       : HikariPool-1 - Starting...
2026-07-29T15:39:57.374+03:00  INFO 25348 --- [task-app] [main] com.zaxxer.hikari.pool.HikariPool        : HikariPool-1 - Added connection conn0: url=jdbc:h2:mem:tododb user=ROOT
2026-07-29T15:39:57.376+03:00  INFO 25348 --- [task-app] [main] com.zaxxer.hikari.HikariDataSource       : HikariPool-1 - Start completed.
2026-07-29T15:39:57.400+03:00  WARN 25348 --- [task-app] [main] org.hibernate.orm.deprecation            : HHH90000025: H2Dialect does not need to be specified explicitly using 'hibernate.dialect' (remove the property setting and it will be selected by default)
2026-07-29T15:39:57.428+03:00  INFO 25348 --- [task-app] [main] org.hibernate.orm.connections.pooling    : HHH10001005: Database info:
	Database JDBC URL [jdbc:h2:mem:tododb]
	Database driver: H2 JDBC Driver
	Database dialect: H2Dialect
	Database version: 2.4.240
	Default catalog/schema: TODODB/PUBLIC
	Autocommit mode: undefined/unknown
	Isolation level: READ_COMMITTED [default READ_COMMITTED]
	JDBC fetch size: 100
	Pool: DataSourceConnectionProvider
	Minimum pool size: undefined/unknown
	Maximum pool size: undefined/unknown
2026-07-29T15:39:58.498+03:00  INFO 25348 --- [task-app] [main] org.hibernate.orm.core                   : HHH000489: No JTA platform available (set 'hibernate.transaction.jta.platform' to enable JTA platform integration)
2026-07-29T15:39:58.538+03:00  INFO 25348 --- [task-app] [main] j.LocalContainerEntityManagerFactoryBean : Initialized JPA EntityManagerFactory for persistence unit 'default'
2026-07-29T15:39:58.618+03:00  INFO 25348 --- [task-app] [main] o.s.d.j.r.query.QueryEnhancerFactories   : Hibernate is in classpath; If applicable, HQL parser will be used.
2026-07-29T15:39:58.838+03:00  WARN 25348 --- [task-app] [main] JpaBaseConfiguration$JpaWebConfiguration : spring.jpa.open-in-view is enabled by default. Therefore, database queries may be performed during view rendering. Explicitly configure spring.jpa.open-in-view to disable this warning
2026-07-29T15:39:59.263+03:00  INFO 25348 --- [task-app] [main] o.s.b.h.a.H2ConsoleAutoConfiguration     : H2 console available at '/h2-console'. Database available at 'jdbc:h2:mem:tododb'
2026-07-29T15:39:59.366+03:00  INFO 25348 --- [task-app] [main] d.p.task_app.TaskServiceIntegrationTest  : Started TaskServiceIntegrationTest in 4.594 seconds (process running for 5.981)
2026-07-29T15:39:59.972+03:00  INFO 25348 --- [task-app] [main] taskApp.service.TaskServiceImpl          : Task created
2026-07-29T15:40:00.044+03:00  INFO 25348 --- [task-app] [SpringApplicationShutdownHook] j.LocalContainerEntityManagerFactoryBean : Closing JPA EntityManagerFactory for persistence unit 'default'
2026-07-29T15:40:00.046+03:00  INFO 25348 --- [task-app] [SpringApplicationShutdownHook] com.zaxxer.hikari.HikariDataSource       : HikariPool-1 - Shutdown initiated...
2026-07-29T15:40:00.049+03:00  INFO 25348 --- [task-app] [SpringApplicationShutdownHook] com.zaxxer.hikari.HikariDataSource       : HikariPool-1 - Shutdown completed.
2026-07-29T15:41:22.277+03:00  INFO 23152 --- [task-app] [main] d.p.task_app.TaskServiceIntegrationTest  : Starting TaskServiceIntegrationTest using Java 25.0.1 with PID 23152 (started by Daniil Pevzner in C:\PROJECTS\task-app)
2026-07-29T15:41:22.282+03:00  INFO 23152 --- [task-app] [main] d.p.task_app.TaskServiceIntegrationTest  : No active profile set, falling back to 1 default profile: "default"
2026-07-29T15:41:23.125+03:00  INFO 23152 --- [task-app] [main] .s.d.r.c.RepositoryConfigurationDelegate : Bootstrapping Spring Data JPA repositories in DEFAULT mode.
2026-07-29T15:41:23.190+03:00  INFO 23152 --- [task-app] [main] .s.d.r.c.RepositoryConfigurationDelegate : Finished Spring Data repository scanning in 52 ms. Found 1 JPA repository interface.
2026-07-29T15:41:23.636+03:00  INFO 23152 --- [task-app] [main] org.hibernate.orm.jpa                    : HHH008540: Processing PersistenceUnitInfo [name: default]
2026-07-29T15:41:23.717+03:00  INFO 23152 --- [task-app] [main] org.hibernate.orm.core                   : HHH000001: Hibernate ORM core version 7.4.1.Final
2026-07-29T15:41:24.377+03:00  INFO 23152 --- [task-app] [main] o.s.o.j.p.SpringPersistenceUnitInfo      : No LoadTimeWeaver setup: ignoring JPA class transformer
2026-07-29T15:41:24.417+03:00  INFO 23152 --- [task-app] [main] com.zaxxer.hikari.HikariDataSource       : HikariPool-1 - Starting...
2026-07-29T15:41:24.620+03:00  INFO 23152 --- [task-app] [main] com.zaxxer.hikari.pool.HikariPool        : HikariPool-1 - Added connection conn0: url=jdbc:h2:mem:tododb user=ROOT
2026-07-29T15:41:24.622+03:00  INFO 23152 --- [task-app] [main] com.zaxxer.hikari.HikariDataSource       : HikariPool-1 - Start completed.
2026-07-29T15:41:24.646+03:00  WARN 23152 --- [task-app] [main] org.hibernate.orm.deprecation            : HHH90000025: H2Dialect does not need to be specified explicitly using 'hibernate.dialect' (remove the property setting and it will be selected by default)
2026-07-29T15:41:24.671+03:00  INFO 23152 --- [task-app] [main] org.hibernate.orm.connections.pooling    : HHH10001005: Database info:
	Database JDBC URL [jdbc:h2:mem:tododb]
	Database driver: H2 JDBC Driver
	Database dialect: H2Dialect
	Database version: 2.4.240
	Default catalog/schema: TODODB/PUBLIC
	Autocommit mode: undefined/unknown
	Isolation level: READ_COMMITTED [default READ_COMMITTED]
	JDBC fetch size: 100
	Pool: DataSourceConnectionProvider
	Minimum pool size: undefined/unknown
	Maximum pool size: undefined/unknown
2026-07-29T15:41:25.772+03:00  INFO 23152 --- [task-app] [main] org.hibernate.orm.core                   : HHH000489: No JTA platform available (set 'hibernate.transaction.jta.platform' to enable JTA platform integration)
2026-07-29T15:41:25.813+03:00  INFO 23152 --- [task-app] [main] j.LocalContainerEntityManagerFactoryBean : Initialized JPA EntityManagerFactory for persistence unit 'default'
2026-07-29T15:41:25.919+03:00  INFO 23152 --- [task-app] [main] o.s.d.j.r.query.QueryEnhancerFactories   : Hibernate is in classpath; If applicable, HQL parser will be used.
2026-07-29T15:41:26.152+03:00  WARN 23152 --- [task-app] [main] JpaBaseConfiguration$JpaWebConfiguration : spring.jpa.open-in-view is enabled by default. Therefore, database queries may be performed during view rendering. Explicitly configure spring.jpa.open-in-view to disable this warning
2026-07-29T15:41:26.581+03:00  INFO 23152 --- [task-app] [main] o.s.b.h.a.H2ConsoleAutoConfiguration     : H2 console available at '/h2-console'. Database available at 'jdbc:h2:mem:tododb'
2026-07-29T15:41:26.694+03:00  INFO 23152 --- [task-app] [main] d.p.task_app.TaskServiceIntegrationTest  : Started TaskServiceIntegrationTest in 4.833 seconds (process running for 6.451)
2026-07-29T15:41:27.342+03:00  INFO 23152 --- [task-app] [main] taskApp.service.TaskServiceImpl          : Task created
2026-07-29T15:41:27.406+03:00  INFO 23152 --- [task-app] [SpringApplicationShutdownHook] j.LocalContainerEntityManagerFactoryBean : Closing JPA EntityManagerFactory for persistence unit 'default'
2026-07-29T15:41:27.408+03:00  INFO 23152 --- [task-app] [SpringApplicationShutdownHook] com.zaxxer.hikari.HikariDataSource       : HikariPool-1 - Shutdown initiated...
2026-07-29T15:41:27.411+03:00  INFO 23152 --- [task-app] [SpringApplicationShutdownHook] com.zaxxer.hikari.HikariDataSource       : HikariPool-1 - Shutdown completed.
2026-07-29T15:49:01.593+03:00  INFO 18036 --- [task-app] [main] d.p.task_app.TaskServiceIntegrationTest  : Starting TaskServiceIntegrationTest using Java 25.0.1 with PID 18036 (started by Daniil Pevzner in C:\PROJECTS\task-app)
2026-07-29T15:49:01.596+03:00  INFO 18036 --- [task-app] [main] d.p.task_app.TaskServiceIntegrationTest  : No active profile set, falling back to 1 default profile: "default"
2026-07-29T15:49:02.343+03:00  INFO 18036 --- [task-app] [main] .s.d.r.c.RepositoryConfigurationDelegate : Bootstrapping Spring Data JPA repositories in DEFAULT mode.
2026-07-29T15:49:02.406+03:00  INFO 18036 --- [task-app] [main] .s.d.r.c.RepositoryConfigurationDelegate : Finished Spring Data repository scanning in 51 ms. Found 1 JPA repository interface.
2026-07-29T15:49:02.833+03:00  INFO 18036 --- [task-app] [main] org.hibernate.orm.jpa                    : HHH008540: Processing PersistenceUnitInfo [name: default]
2026-07-29T15:49:02.903+03:00  INFO 18036 --- [task-app] [main] org.hibernate.orm.core                   : HHH000001: Hibernate ORM core version 7.4.1.Final
2026-07-29T15:49:03.529+03:00  INFO 18036 --- [task-app] [main] o.s.o.j.p.SpringPersistenceUnitInfo      : No LoadTimeWeaver setup: ignoring JPA class transformer
2026-07-29T15:49:03.581+03:00  INFO 18036 --- [task-app] [main] com.zaxxer.hikari.HikariDataSource       : HikariPool-1 - Starting...
2026-07-29T15:49:03.783+03:00  INFO 18036 --- [task-app] [main] com.zaxxer.hikari.pool.HikariPool        : HikariPool-1 - Added connection conn0: url=jdbc:h2:mem:tododb user=ROOT
2026-07-29T15:49:03.785+03:00  INFO 18036 --- [task-app] [main] com.zaxxer.hikari.HikariDataSource       : HikariPool-1 - Start completed.
2026-07-29T15:49:03.811+03:00  WARN 18036 --- [task-app] [main] org.hibernate.orm.deprecation            : HHH90000025: H2Dialect does not need to be specified explicitly using 'hibernate.dialect' (remove the property setting and it will be selected by default)
2026-07-29T15:49:03.836+03:00  INFO 18036 --- [task-app] [main] org.hibernate.orm.connections.pooling    : HHH10001005: Database info:
	Database JDBC URL [jdbc:h2:mem:tododb]
	Database driver: H2 JDBC Driver
	Database dialect: H2Dialect
	Database version: 2.4.240
	Default catalog/schema: TODODB/PUBLIC
	Autocommit mode: undefined/unknown
	Isolation level: READ_COMMITTED [default READ_COMMITTED]
	JDBC fetch size: 100
	Pool: DataSourceConnectionProvider
	Minimum pool size: undefined/unknown
	Maximum pool size: undefined/unknown
2026-07-29T15:49:04.856+03:00  INFO 18036 --- [task-app] [main] org.hibernate.orm.core                   : HHH000489: No JTA platform available (set 'hibernate.transaction.jta.platform' to enable JTA platform integration)
2026-07-29T15:49:04.893+03:00  INFO 18036 --- [task-app] [main] j.LocalContainerEntityManagerFactoryBean : Initialized JPA EntityManagerFactory for persistence unit 'default'
2026-07-29T15:49:04.979+03:00  INFO 18036 --- [task-app] [main] o.s.d.j.r.query.QueryEnhancerFactories   : Hibernate is in classpath; If applicable, HQL parser will be used.
2026-07-29T15:49:05.194+03:00  WARN 18036 --- [task-app] [main] JpaBaseConfiguration$JpaWebConfiguration : spring.jpa.open-in-view is enabled by default. Therefore, database queries may be performed during view rendering. Explicitly configure spring.jpa.open-in-view to disable this warning
2026-07-29T15:49:05.590+03:00  INFO 18036 --- [task-app] [main] o.s.b.h.a.H2ConsoleAutoConfiguration     : H2 console available at '/h2-console'. Database available at 'jdbc:h2:mem:tododb'
2026-07-29T15:49:05.692+03:00  INFO 18036 --- [task-app] [main] d.p.task_app.TaskServiceIntegrationTest  : Started TaskServiceIntegrationTest in 4.488 seconds (process running for 5.885)
2026-07-29T15:49:06.267+03:00  INFO 18036 --- [task-app] [main] taskApp.service.TaskServiceImpl          : Task created
2026-07-29T15:49:06.307+03:00  INFO 18036 --- [task-app] [main] taskApp.service.TaskServiceImpl          : Reading task with id = 1
2026-07-29T15:49:06.346+03:00  INFO 18036 --- [task-app] [main] taskApp.service.TaskServiceImpl          : Task created
2026-07-29T15:49:06.350+03:00  INFO 18036 --- [task-app] [main] taskApp.service.TaskServiceImpl          : Task with id = 2updated
2026-07-29T15:49:06.373+03:00  INFO 18036 --- [task-app] [SpringApplicationShutdownHook] j.LocalContainerEntityManagerFactoryBean : Closing JPA EntityManagerFactory for persistence unit 'default'
2026-07-29T15:49:06.375+03:00  INFO 18036 --- [task-app] [SpringApplicationShutdownHook] com.zaxxer.hikari.HikariDataSource       : HikariPool-1 - Shutdown initiated...
2026-07-29T15:49:06.378+03:00  INFO 18036 --- [task-app] [SpringApplicationShutdownHook] com.zaxxer.hikari.HikariDataSource       : HikariPool-1 - Shutdown completed.
2026-07-29T16:16:16.498+03:00  INFO 9148 --- [task-app] [main] d.p.task_app.TaskServiceIntegrationTest  : Starting TaskServiceIntegrationTest using Java 25.0.1 with PID 9148 (started by Daniil Pevzner in C:\PROJECTS\task-app)
2026-07-29T16:16:16.502+03:00  INFO 9148 --- [task-app] [main] d.p.task_app.TaskServiceIntegrationTest  : No active profile set, falling back to 1 default profile: "default"
2026-07-29T16:16:17.283+03:00  INFO 9148 --- [task-app] [main] .s.d.r.c.RepositoryConfigurationDelegate : Bootstrapping Spring Data JPA repositories in DEFAULT mode.
2026-07-29T16:16:17.359+03:00  INFO 9148 --- [task-app] [main] .s.d.r.c.RepositoryConfigurationDelegate : Finished Spring Data repository scanning in 62 ms. Found 1 JPA repository interface.
2026-07-29T16:16:17.854+03:00  INFO 9148 --- [task-app] [main] org.hibernate.orm.jpa                    : HHH008540: Processing PersistenceUnitInfo [name: default]
2026-07-29T16:16:17.924+03:00  INFO 9148 --- [task-app] [main] org.hibernate.orm.core                   : HHH000001: Hibernate ORM core version 7.4.1.Final
2026-07-29T16:16:18.577+03:00  INFO 9148 --- [task-app] [main] o.s.o.j.p.SpringPersistenceUnitInfo      : No LoadTimeWeaver setup: ignoring JPA class transformer
2026-07-29T16:16:18.637+03:00  INFO 9148 --- [task-app] [main] com.zaxxer.hikari.HikariDataSource       : HikariPool-1 - Starting...
2026-07-29T16:16:18.890+03:00  INFO 9148 --- [task-app] [main] com.zaxxer.hikari.pool.HikariPool        : HikariPool-1 - Added connection conn0: url=jdbc:h2:mem:tododb user=ROOT
2026-07-29T16:16:18.892+03:00  INFO 9148 --- [task-app] [main] com.zaxxer.hikari.HikariDataSource       : HikariPool-1 - Start completed.
2026-07-29T16:16:18.918+03:00  WARN 9148 --- [task-app] [main] org.hibernate.orm.deprecation            : HHH90000025: H2Dialect does not need to be specified explicitly using 'hibernate.dialect' (remove the property setting and it will be selected by default)
2026-07-29T16:16:18.943+03:00  INFO 9148 --- [task-app] [main] org.hibernate.orm.connections.pooling    : HHH10001005: Database info:
	Database JDBC URL [jdbc:h2:mem:tododb]
	Database driver: H2 JDBC Driver
	Database dialect: H2Dialect
	Database version: 2.4.240
	Default catalog/schema: TODODB/PUBLIC
	Autocommit mode: undefined/unknown
	Isolation level: READ_COMMITTED [default READ_COMMITTED]
	JDBC fetch size: 100
	Pool: DataSourceConnectionProvider
	Minimum pool size: undefined/unknown
	Maximum pool size: undefined/unknown
2026-07-29T16:16:20.037+03:00  INFO 9148 --- [task-app] [main] org.hibernate.orm.core                   : HHH000489: No JTA platform available (set 'hibernate.transaction.jta.platform' to enable JTA platform integration)
2026-07-29T16:16:20.089+03:00  INFO 9148 --- [task-app] [main] j.LocalContainerEntityManagerFactoryBean : Initialized JPA EntityManagerFactory for persistence unit 'default'
2026-07-29T16:16:20.184+03:00  INFO 9148 --- [task-app] [main] o.s.d.j.r.query.QueryEnhancerFactories   : Hibernate is in classpath; If applicable, HQL parser will be used.
2026-07-29T16:16:20.396+03:00  WARN 9148 --- [task-app] [main] JpaBaseConfiguration$JpaWebConfiguration : spring.jpa.open-in-view is enabled by default. Therefore, database queries may be performed during view rendering. Explicitly configure spring.jpa.open-in-view to disable this warning
2026-07-29T16:16:20.790+03:00  INFO 9148 --- [task-app] [main] o.s.b.h.a.H2ConsoleAutoConfiguration     : H2 console available at '/h2-console'. Database available at 'jdbc:h2:mem:tododb'
2026-07-29T16:16:20.894+03:00  INFO 9148 --- [task-app] [main] d.p.task_app.TaskServiceIntegrationTest  : Started TaskServiceIntegrationTest in 4.812 seconds (process running for 6.209)
2026-07-29T16:16:21.461+03:00  INFO 9148 --- [task-app] [main] taskApp.service.TaskServiceImpl          : Task created
2026-07-29T16:16:21.760+03:00  INFO 9148 --- [task-app] [main] taskApp.service.TaskServiceImpl          : Task with id = 1 deleted
2026-07-29T16:16:21.774+03:00  INFO 9148 --- [task-app] [main] taskApp.service.TaskServiceImpl          : Reading task with id = 1
2026-07-29T16:16:21.798+03:00  INFO 9148 --- [task-app] [main] taskApp.service.TaskServiceImpl          : Task created
2026-07-29T16:16:21.800+03:00  INFO 9148 --- [task-app] [main] taskApp.service.TaskServiceImpl          : Reading task with id = 2
2026-07-29T16:16:21.810+03:00  INFO 9148 --- [task-app] [main] taskApp.service.TaskServiceImpl          : Task created
2026-07-29T16:16:21.813+03:00  INFO 9148 --- [task-app] [main] taskApp.service.TaskServiceImpl          : Task with id = 3updated
2026-07-29T16:16:21.839+03:00  INFO 9148 --- [task-app] [SpringApplicationShutdownHook] j.LocalContainerEntityManagerFactoryBean : Closing JPA EntityManagerFactory for persistence unit 'default'
2026-07-29T16:16:21.842+03:00  INFO 9148 --- [task-app] [SpringApplicationShutdownHook] com.zaxxer.hikari.HikariDataSource       : HikariPool-1 - Shutdown initiated...
2026-07-29T16:16:21.845+03:00  INFO 9148 --- [task-app] [SpringApplicationShutdownHook] com.zaxxer.hikari.HikariDataSource       : HikariPool-1 - Shutdown completed.
2026-07-29T16:17:11.186+03:00  INFO 10912 --- [task-app] [main] d.p.task_app.TaskServiceIntegrationTest  : Starting TaskServiceIntegrationTest using Java 25.0.1 with PID 10912 (started by Daniil Pevzner in C:\PROJECTS\task-app)
2026-07-29T16:17:11.190+03:00  INFO 10912 --- [task-app] [main] d.p.task_app.TaskServiceIntegrationTest  : No active profile set, falling back to 1 default profile: "default"
2026-07-29T16:17:11.966+03:00  INFO 10912 --- [task-app] [main] .s.d.r.c.RepositoryConfigurationDelegate : Bootstrapping Spring Data JPA repositories in DEFAULT mode.
2026-07-29T16:17:12.029+03:00  INFO 10912 --- [task-app] [main] .s.d.r.c.RepositoryConfigurationDelegate : Finished Spring Data repository scanning in 51 ms. Found 1 JPA repository interface.
2026-07-29T16:17:12.474+03:00  INFO 10912 --- [task-app] [main] org.hibernate.orm.jpa                    : HHH008540: Processing PersistenceUnitInfo [name: default]
2026-07-29T16:17:12.546+03:00  INFO 10912 --- [task-app] [main] org.hibernate.orm.core                   : HHH000001: Hibernate ORM core version 7.4.1.Final
2026-07-29T16:17:13.173+03:00  INFO 10912 --- [task-app] [main] o.s.o.j.p.SpringPersistenceUnitInfo      : No LoadTimeWeaver setup: ignoring JPA class transformer
2026-07-29T16:17:13.225+03:00  INFO 10912 --- [task-app] [main] com.zaxxer.hikari.HikariDataSource       : HikariPool-1 - Starting...
2026-07-29T16:17:13.424+03:00  INFO 10912 --- [task-app] [main] com.zaxxer.hikari.pool.HikariPool        : HikariPool-1 - Added connection conn0: url=jdbc:h2:mem:tododb user=ROOT
2026-07-29T16:17:13.426+03:00  INFO 10912 --- [task-app] [main] com.zaxxer.hikari.HikariDataSource       : HikariPool-1 - Start completed.
2026-07-29T16:17:13.448+03:00  WARN 10912 --- [task-app] [main] org.hibernate.orm.deprecation            : HHH90000025: H2Dialect does not need to be specified explicitly using 'hibernate.dialect' (remove the property setting and it will be selected by default)
2026-07-29T16:17:13.473+03:00  INFO 10912 --- [task-app] [main] org.hibernate.orm.connections.pooling    : HHH10001005: Database info:
	Database JDBC URL [jdbc:h2:mem:tododb]
	Database driver: H2 JDBC Driver
	Database dialect: H2Dialect
	Database version: 2.4.240
	Default catalog/schema: TODODB/PUBLIC
	Autocommit mode: undefined/unknown
	Isolation level: READ_COMMITTED [default READ_COMMITTED]
	JDBC fetch size: 100
	Pool: DataSourceConnectionProvider
	Minimum pool size: undefined/unknown
	Maximum pool size: undefined/unknown
2026-07-29T16:17:14.476+03:00  INFO 10912 --- [task-app] [main] org.hibernate.orm.core                   : HHH000489: No JTA platform available (set 'hibernate.transaction.jta.platform' to enable JTA platform integration)
2026-07-29T16:17:14.514+03:00  INFO 10912 --- [task-app] [main] j.LocalContainerEntityManagerFactoryBean : Initialized JPA EntityManagerFactory for persistence unit 'default'
2026-07-29T16:17:14.598+03:00  INFO 10912 --- [task-app] [main] o.s.d.j.r.query.QueryEnhancerFactories   : Hibernate is in classpath; If applicable, HQL parser will be used.
2026-07-29T16:17:14.812+03:00  WARN 10912 --- [task-app] [main] JpaBaseConfiguration$JpaWebConfiguration : spring.jpa.open-in-view is enabled by default. Therefore, database queries may be performed during view rendering. Explicitly configure spring.jpa.open-in-view to disable this warning
2026-07-29T16:17:15.286+03:00  INFO 10912 --- [task-app] [main] o.s.b.h.a.H2ConsoleAutoConfiguration     : H2 console available at '/h2-console'. Database available at 'jdbc:h2:mem:tododb'
2026-07-29T16:17:15.397+03:00  INFO 10912 --- [task-app] [main] d.p.task_app.TaskServiceIntegrationTest  : Started TaskServiceIntegrationTest in 4.598 seconds (process running for 5.99)
2026-07-29T16:17:16.002+03:00  INFO 10912 --- [task-app] [main] taskApp.service.TaskServiceImpl          : Task created
2026-07-29T16:17:16.301+03:00  INFO 10912 --- [task-app] [main] taskApp.service.TaskServiceImpl          : Task with id = 1 deleted
2026-07-29T16:17:16.314+03:00  INFO 10912 --- [task-app] [main] taskApp.service.TaskServiceImpl          : Reading task with id = 1
2026-07-29T16:17:16.340+03:00  INFO 10912 --- [task-app] [main] taskApp.service.TaskServiceImpl          : Task created
2026-07-29T16:17:16.342+03:00  INFO 10912 --- [task-app] [main] taskApp.service.TaskServiceImpl          : Reading task with id = 2
2026-07-29T16:17:16.354+03:00  INFO 10912 --- [task-app] [main] taskApp.service.TaskServiceImpl          : Task created
2026-07-29T16:17:16.358+03:00  INFO 10912 --- [task-app] [main] taskApp.service.TaskServiceImpl          : Task with id = 3updated
2026-07-29T16:17:16.383+03:00  INFO 10912 --- [task-app] [SpringApplicationShutdownHook] j.LocalContainerEntityManagerFactoryBean : Closing JPA EntityManagerFactory for persistence unit 'default'
2026-07-29T16:17:16.386+03:00  INFO 10912 --- [task-app] [SpringApplicationShutdownHook] com.zaxxer.hikari.HikariDataSource       : HikariPool-1 - Shutdown initiated...
2026-07-29T16:17:16.390+03:00  INFO 10912 --- [task-app] [SpringApplicationShutdownHook] com.zaxxer.hikari.HikariDataSource       : HikariPool-1 - Shutdown completed.
2026-07-29T16:19:11.773+03:00  INFO 3164 --- [task-app] [main] d.p.task_app.TaskServiceIntegrationTest  : Starting TaskServiceIntegrationTest using Java 25.0.1 with PID 3164 (started by Daniil Pevzner in C:\PROJECTS\task-app)
2026-07-29T16:19:11.776+03:00  INFO 3164 --- [task-app] [main] d.p.task_app.TaskServiceIntegrationTest  : No active profile set, falling back to 1 default profile: "default"
2026-07-29T16:19:12.539+03:00  INFO 3164 --- [task-app] [main] .s.d.r.c.RepositoryConfigurationDelegate : Bootstrapping Spring Data JPA repositories in DEFAULT mode.
2026-07-29T16:19:12.605+03:00  INFO 3164 --- [task-app] [main] .s.d.r.c.RepositoryConfigurationDelegate : Finished Spring Data repository scanning in 52 ms. Found 1 JPA repository interface.
2026-07-29T16:19:13.034+03:00  INFO 3164 --- [task-app] [main] org.hibernate.orm.jpa                    : HHH008540: Processing PersistenceUnitInfo [name: default]
2026-07-29T16:19:13.108+03:00  INFO 3164 --- [task-app] [main] org.hibernate.orm.core                   : HHH000001: Hibernate ORM core version 7.4.1.Final
2026-07-29T16:19:13.746+03:00  INFO 3164 --- [task-app] [main] o.s.o.j.p.SpringPersistenceUnitInfo      : No LoadTimeWeaver setup: ignoring JPA class transformer
2026-07-29T16:19:13.786+03:00  INFO 3164 --- [task-app] [main] com.zaxxer.hikari.HikariDataSource       : HikariPool-1 - Starting...
2026-07-29T16:19:14.000+03:00  INFO 3164 --- [task-app] [main] com.zaxxer.hikari.pool.HikariPool        : HikariPool-1 - Added connection conn0: url=jdbc:h2:mem:tododb user=ROOT
2026-07-29T16:19:14.002+03:00  INFO 3164 --- [task-app] [main] com.zaxxer.hikari.HikariDataSource       : HikariPool-1 - Start completed.
2026-07-29T16:19:14.027+03:00  WARN 3164 --- [task-app] [main] org.hibernate.orm.deprecation            : HHH90000025: H2Dialect does not need to be specified explicitly using 'hibernate.dialect' (remove the property setting and it will be selected by default)
2026-07-29T16:19:14.052+03:00  INFO 3164 --- [task-app] [main] org.hibernate.orm.connections.pooling    : HHH10001005: Database info:
	Database JDBC URL [jdbc:h2:mem:tododb]
	Database driver: H2 JDBC Driver
	Database dialect: H2Dialect
	Database version: 2.4.240
	Default catalog/schema: TODODB/PUBLIC
	Autocommit mode: undefined/unknown
	Isolation level: READ_COMMITTED [default READ_COMMITTED]
	JDBC fetch size: 100
	Pool: DataSourceConnectionProvider
	Minimum pool size: undefined/unknown
	Maximum pool size: undefined/unknown
2026-07-29T16:19:15.072+03:00  INFO 3164 --- [task-app] [main] org.hibernate.orm.core                   : HHH000489: No JTA platform available (set 'hibernate.transaction.jta.platform' to enable JTA platform integration)
2026-07-29T16:19:15.111+03:00  INFO 3164 --- [task-app] [main] j.LocalContainerEntityManagerFactoryBean : Initialized JPA EntityManagerFactory for persistence unit 'default'
2026-07-29T16:19:15.198+03:00  INFO 3164 --- [task-app] [main] o.s.d.j.r.query.QueryEnhancerFactories   : Hibernate is in classpath; If applicable, HQL parser will be used.
2026-07-29T16:19:15.408+03:00  WARN 3164 --- [task-app] [main] JpaBaseConfiguration$JpaWebConfiguration : spring.jpa.open-in-view is enabled by default. Therefore, database queries may be performed during view rendering. Explicitly configure spring.jpa.open-in-view to disable this warning
2026-07-29T16:19:15.821+03:00  INFO 3164 --- [task-app] [main] o.s.b.h.a.H2ConsoleAutoConfiguration     : H2 console available at '/h2-console'. Database available at 'jdbc:h2:mem:tododb'
2026-07-29T16:19:15.927+03:00  INFO 3164 --- [task-app] [main] d.p.task_app.TaskServiceIntegrationTest  : Started TaskServiceIntegrationTest in 4.556 seconds (process running for 5.927)
2026-07-29T16:19:16.524+03:00  INFO 3164 --- [task-app] [main] taskApp.service.TaskServiceImpl          : Task created
2026-07-29T16:19:16.808+03:00  INFO 3164 --- [task-app] [main] taskApp.service.TaskServiceImpl          : Task with id = 1 deleted
2026-07-29T16:19:16.824+03:00  INFO 3164 --- [task-app] [main] taskApp.service.TaskServiceImpl          : Reading task list
2026-07-29T16:19:16.849+03:00  INFO 3164 --- [task-app] [main] taskApp.service.TaskServiceImpl          : Task created
2026-07-29T16:19:16.851+03:00  INFO 3164 --- [task-app] [main] taskApp.service.TaskServiceImpl          : Reading task with id = 2
2026-07-29T16:19:16.864+03:00  INFO 3164 --- [task-app] [main] taskApp.service.TaskServiceImpl          : Task created
2026-07-29T16:19:16.867+03:00  INFO 3164 --- [task-app] [main] taskApp.service.TaskServiceImpl          : Task with id = 3updated
2026-07-29T16:19:16.895+03:00  INFO 3164 --- [task-app] [SpringApplicationShutdownHook] j.LocalContainerEntityManagerFactoryBean : Closing JPA EntityManagerFactory for persistence unit 'default'
2026-07-29T16:19:16.898+03:00  INFO 3164 --- [task-app] [SpringApplicationShutdownHook] com.zaxxer.hikari.HikariDataSource       : HikariPool-1 - Shutdown initiated...
2026-07-29T16:19:16.902+03:00  INFO 3164 --- [task-app] [SpringApplicationShutdownHook] com.zaxxer.hikari.HikariDataSource       : HikariPool-1 - Shutdown completed.
2026-07-29T17:07:36.355+03:00  INFO 22916 --- [task-app] [main] d.p.task_app.TaskServiceIntegrationTest  : Starting TaskServiceIntegrationTest using Java 25.0.1 with PID 22916 (started by Daniil Pevzner in C:\PROJECTS\task-app)
2026-07-29T17:07:36.358+03:00  INFO 22916 --- [task-app] [main] d.p.task_app.TaskServiceIntegrationTest  : No active profile set, falling back to 1 default profile: "default"
2026-07-29T17:07:37.144+03:00  INFO 22916 --- [task-app] [main] .s.d.r.c.RepositoryConfigurationDelegate : Bootstrapping Spring Data JPA repositories in DEFAULT mode.
2026-07-29T17:07:37.205+03:00  INFO 22916 --- [task-app] [main] .s.d.r.c.RepositoryConfigurationDelegate : Finished Spring Data repository scanning in 49 ms. Found 1 JPA repository interface.
2026-07-29T17:07:37.609+03:00  INFO 22916 --- [task-app] [main] org.hibernate.orm.jpa                    : HHH008540: Processing PersistenceUnitInfo [name: default]
2026-07-29T17:07:37.680+03:00  INFO 22916 --- [task-app] [main] org.hibernate.orm.core                   : HHH000001: Hibernate ORM core version 7.4.1.Final
2026-07-29T17:07:38.301+03:00  INFO 22916 --- [task-app] [main] o.s.o.j.p.SpringPersistenceUnitInfo      : No LoadTimeWeaver setup: ignoring JPA class transformer
2026-07-29T17:07:38.343+03:00  INFO 22916 --- [task-app] [main] com.zaxxer.hikari.HikariDataSource       : HikariPool-1 - Starting...
2026-07-29T17:07:38.546+03:00  INFO 22916 --- [task-app] [main] com.zaxxer.hikari.pool.HikariPool        : HikariPool-1 - Added connection conn0: url=jdbc:h2:mem:tododb user=ROOT
2026-07-29T17:07:38.549+03:00  INFO 22916 --- [task-app] [main] com.zaxxer.hikari.HikariDataSource       : HikariPool-1 - Start completed.
2026-07-29T17:07:38.574+03:00  WARN 22916 --- [task-app] [main] org.hibernate.orm.deprecation            : HHH90000025: H2Dialect does not need to be specified explicitly using 'hibernate.dialect' (remove the property setting and it will be selected by default)
2026-07-29T17:07:38.612+03:00  INFO 22916 --- [task-app] [main] org.hibernate.orm.connections.pooling    : HHH10001005: Database info:
	Database JDBC URL [jdbc:h2:mem:tododb]
	Database driver: H2 JDBC Driver
	Database dialect: H2Dialect
	Database version: 2.4.240
	Default catalog/schema: TODODB/PUBLIC
	Autocommit mode: undefined/unknown
	Isolation level: READ_COMMITTED [default READ_COMMITTED]
	JDBC fetch size: 100
	Pool: DataSourceConnectionProvider
	Minimum pool size: undefined/unknown
	Maximum pool size: undefined/unknown
2026-07-29T17:07:39.620+03:00  INFO 22916 --- [task-app] [main] org.hibernate.orm.core                   : HHH000489: No JTA platform available (set 'hibernate.transaction.jta.platform' to enable JTA platform integration)
2026-07-29T17:07:39.659+03:00  INFO 22916 --- [task-app] [main] j.LocalContainerEntityManagerFactoryBean : Initialized JPA EntityManagerFactory for persistence unit 'default'
2026-07-29T17:07:39.748+03:00  INFO 22916 --- [task-app] [main] o.s.d.j.r.query.QueryEnhancerFactories   : Hibernate is in classpath; If applicable, HQL parser will be used.
2026-07-29T17:07:39.951+03:00  WARN 22916 --- [task-app] [main] JpaBaseConfiguration$JpaWebConfiguration : spring.jpa.open-in-view is enabled by default. Therefore, database queries may be performed during view rendering. Explicitly configure spring.jpa.open-in-view to disable this warning
2026-07-29T17:07:40.382+03:00  INFO 22916 --- [task-app] [main] o.s.b.h.a.H2ConsoleAutoConfiguration     : H2 console available at '/h2-console'. Database available at 'jdbc:h2:mem:tododb'
2026-07-29T17:07:40.488+03:00  INFO 22916 --- [task-app] [main] d.p.task_app.TaskServiceIntegrationTest  : Started TaskServiceIntegrationTest in 4.528 seconds (process running for 5.889)
2026-07-29T17:07:40.896+03:00  INFO 22916 --- [task-app] [main] taskApp.service.TaskServiceImpl          : Task created
2026-07-29T17:07:41.315+03:00  INFO 22916 --- [task-app] [main] taskApp.service.TaskServiceImpl          : Task with id = 1 deleted
2026-07-29T17:07:41.330+03:00  INFO 22916 --- [task-app] [main] taskApp.service.TaskServiceImpl          : Reading task with id = 1
2026-07-29T17:07:41.358+03:00  INFO 22916 --- [task-app] [main] taskApp.service.TaskServiceImpl          : Task created
2026-07-29T17:07:41.360+03:00  INFO 22916 --- [task-app] [main] taskApp.service.TaskServiceImpl          : Reading task with id = 2
2026-07-29T17:07:41.367+03:00  INFO 22916 --- [task-app] [main] taskApp.service.TaskServiceImpl          : Task created
2026-07-29T17:07:41.368+03:00  INFO 22916 --- [task-app] [main] taskApp.service.TaskServiceImpl          : Task with id = 3updated
2026-07-29T17:07:41.390+03:00  INFO 22916 --- [task-app] [SpringApplicationShutdownHook] j.LocalContainerEntityManagerFactoryBean : Closing JPA EntityManagerFactory for persistence unit 'default'
2026-07-29T17:07:41.392+03:00  INFO 22916 --- [task-app] [SpringApplicationShutdownHook] com.zaxxer.hikari.HikariDataSource       : HikariPool-1 - Shutdown initiated...
2026-07-29T17:07:41.396+03:00  INFO 22916 --- [task-app] [SpringApplicationShutdownHook] com.zaxxer.hikari.HikariDataSource       : HikariPool-1 - Shutdown completed.
2026-07-29T17:08:21.627+03:00  INFO 5428 --- [task-app] [main] d.p.task_app.TaskServiceIntegrationTest  : Starting TaskServiceIntegrationTest using Java 25.0.1 with PID 5428 (started by Daniil Pevzner in C:\PROJECTS\task-app)
2026-07-29T17:08:21.631+03:00  INFO 5428 --- [task-app] [main] d.p.task_app.TaskServiceIntegrationTest  : No active profile set, falling back to 1 default profile: "default"
2026-07-29T17:08:22.409+03:00  INFO 5428 --- [task-app] [main] .s.d.r.c.RepositoryConfigurationDelegate : Bootstrapping Spring Data JPA repositories in DEFAULT mode.
2026-07-29T17:08:22.474+03:00  INFO 5428 --- [task-app] [main] .s.d.r.c.RepositoryConfigurationDelegate : Finished Spring Data repository scanning in 54 ms. Found 1 JPA repository interface.
2026-07-29T17:08:22.959+03:00  INFO 5428 --- [task-app] [main] org.hibernate.orm.jpa                    : HHH008540: Processing PersistenceUnitInfo [name: default]
2026-07-29T17:08:23.042+03:00  INFO 5428 --- [task-app] [main] org.hibernate.orm.core                   : HHH000001: Hibernate ORM core version 7.4.1.Final
2026-07-29T17:08:23.631+03:00  INFO 5428 --- [task-app] [main] o.s.o.j.p.SpringPersistenceUnitInfo      : No LoadTimeWeaver setup: ignoring JPA class transformer
2026-07-29T17:08:23.679+03:00  INFO 5428 --- [task-app] [main] com.zaxxer.hikari.HikariDataSource       : HikariPool-1 - Starting...
2026-07-29T17:08:23.871+03:00  INFO 5428 --- [task-app] [main] com.zaxxer.hikari.pool.HikariPool        : HikariPool-1 - Added connection conn0: url=jdbc:h2:mem:tododb user=ROOT
2026-07-29T17:08:23.873+03:00  INFO 5428 --- [task-app] [main] com.zaxxer.hikari.HikariDataSource       : HikariPool-1 - Start completed.
2026-07-29T17:08:23.897+03:00  WARN 5428 --- [task-app] [main] org.hibernate.orm.deprecation            : HHH90000025: H2Dialect does not need to be specified explicitly using 'hibernate.dialect' (remove the property setting and it will be selected by default)
2026-07-29T17:08:23.925+03:00  INFO 5428 --- [task-app] [main] org.hibernate.orm.connections.pooling    : HHH10001005: Database info:
	Database JDBC URL [jdbc:h2:mem:tododb]
	Database driver: H2 JDBC Driver
	Database dialect: H2Dialect
	Database version: 2.4.240
	Default catalog/schema: TODODB/PUBLIC
	Autocommit mode: undefined/unknown
	Isolation level: READ_COMMITTED [default READ_COMMITTED]
	JDBC fetch size: 100
	Pool: DataSourceConnectionProvider
	Minimum pool size: undefined/unknown
	Maximum pool size: undefined/unknown
2026-07-29T17:08:24.988+03:00  INFO 5428 --- [task-app] [main] org.hibernate.orm.core                   : HHH000489: No JTA platform available (set 'hibernate.transaction.jta.platform' to enable JTA platform integration)
2026-07-29T17:08:25.037+03:00  INFO 5428 --- [task-app] [main] j.LocalContainerEntityManagerFactoryBean : Initialized JPA EntityManagerFactory for persistence unit 'default'
2026-07-29T17:08:25.137+03:00  INFO 5428 --- [task-app] [main] o.s.d.j.r.query.QueryEnhancerFactories   : Hibernate is in classpath; If applicable, HQL parser will be used.
2026-07-29T17:08:25.342+03:00  WARN 5428 --- [task-app] [main] JpaBaseConfiguration$JpaWebConfiguration : spring.jpa.open-in-view is enabled by default. Therefore, database queries may be performed during view rendering. Explicitly configure spring.jpa.open-in-view to disable this warning
2026-07-29T17:08:25.724+03:00  INFO 5428 --- [task-app] [main] o.s.b.h.a.H2ConsoleAutoConfiguration     : H2 console available at '/h2-console'. Database available at 'jdbc:h2:mem:tododb'
2026-07-29T17:08:25.830+03:00  INFO 5428 --- [task-app] [main] d.p.task_app.TaskServiceIntegrationTest  : Started TaskServiceIntegrationTest in 4.609 seconds (process running for 6.129)
2026-07-29T17:08:26.254+03:00  INFO 5428 --- [task-app] [main] taskApp.service.TaskServiceImpl          : Task created
2026-07-29T17:08:26.701+03:00  INFO 5428 --- [task-app] [main] taskApp.service.TaskServiceImpl          : Task with id = 1 deleted
2026-07-29T17:08:26.715+03:00  INFO 5428 --- [task-app] [main] taskApp.service.TaskServiceImpl          : Reading task with id = 1
2026-07-29T17:08:26.742+03:00  INFO 5428 --- [task-app] [main] taskApp.service.TaskServiceImpl          : Task created
2026-07-29T17:08:26.745+03:00  INFO 5428 --- [task-app] [main] taskApp.service.TaskServiceImpl          : Reading task with id = 2
2026-07-29T17:08:26.752+03:00  INFO 5428 --- [task-app] [main] taskApp.service.TaskServiceImpl          : Task created
2026-07-29T17:08:26.753+03:00  INFO 5428 --- [task-app] [main] taskApp.service.TaskServiceImpl          : Task with id = 3updated
2026-07-29T17:08:26.777+03:00  INFO 5428 --- [task-app] [SpringApplicationShutdownHook] j.LocalContainerEntityManagerFactoryBean : Closing JPA EntityManagerFactory for persistence unit 'default'
2026-07-29T17:08:26.780+03:00  INFO 5428 --- [task-app] [SpringApplicationShutdownHook] com.zaxxer.hikari.HikariDataSource       : HikariPool-1 - Shutdown initiated...
2026-07-29T17:08:26.785+03:00  INFO 5428 --- [task-app] [SpringApplicationShutdownHook] com.zaxxer.hikari.HikariDataSource       : HikariPool-1 - Shutdown completed.
2026-07-29T17:09:54.121+03:00  INFO 26012 --- [task-app] [main] d.p.task_app.TaskServiceIntegrationTest  : Starting TaskServiceIntegrationTest using Java 25.0.1 with PID 26012 (started by Daniil Pevzner in C:\PROJECTS\task-app)
2026-07-29T17:09:54.124+03:00  INFO 26012 --- [task-app] [main] d.p.task_app.TaskServiceIntegrationTest  : No active profile set, falling back to 1 default profile: "default"
2026-07-29T17:09:54.885+03:00  INFO 26012 --- [task-app] [main] .s.d.r.c.RepositoryConfigurationDelegate : Bootstrapping Spring Data JPA repositories in DEFAULT mode.
2026-07-29T17:09:54.948+03:00  INFO 26012 --- [task-app] [main] .s.d.r.c.RepositoryConfigurationDelegate : Finished Spring Data repository scanning in 51 ms. Found 1 JPA repository interface.
2026-07-29T17:09:55.404+03:00  INFO 26012 --- [task-app] [main] org.hibernate.orm.jpa                    : HHH008540: Processing PersistenceUnitInfo [name: default]
2026-07-29T17:09:55.469+03:00  INFO 26012 --- [task-app] [main] org.hibernate.orm.core                   : HHH000001: Hibernate ORM core version 7.4.1.Final
2026-07-29T17:09:56.039+03:00  INFO 26012 --- [task-app] [main] o.s.o.j.p.SpringPersistenceUnitInfo      : No LoadTimeWeaver setup: ignoring JPA class transformer
2026-07-29T17:09:56.073+03:00  INFO 26012 --- [task-app] [main] com.zaxxer.hikari.HikariDataSource       : HikariPool-1 - Starting...
2026-07-29T17:09:56.284+03:00  INFO 26012 --- [task-app] [main] com.zaxxer.hikari.pool.HikariPool        : HikariPool-1 - Added connection conn0: url=jdbc:h2:mem:tododb user=ROOT
2026-07-29T17:09:56.288+03:00  INFO 26012 --- [task-app] [main] com.zaxxer.hikari.HikariDataSource       : HikariPool-1 - Start completed.
2026-07-29T17:09:56.313+03:00  WARN 26012 --- [task-app] [main] org.hibernate.orm.deprecation            : HHH90000025: H2Dialect does not need to be specified explicitly using 'hibernate.dialect' (remove the property setting and it will be selected by default)
2026-07-29T17:09:56.337+03:00  INFO 26012 --- [task-app] [main] org.hibernate.orm.connections.pooling    : HHH10001005: Database info:
	Database JDBC URL [jdbc:h2:mem:tododb]
	Database driver: H2 JDBC Driver
	Database dialect: H2Dialect
	Database version: 2.4.240
	Default catalog/schema: TODODB/PUBLIC
	Autocommit mode: undefined/unknown
	Isolation level: READ_COMMITTED [default READ_COMMITTED]
	JDBC fetch size: 100
	Pool: DataSourceConnectionProvider
	Minimum pool size: undefined/unknown
	Maximum pool size: undefined/unknown
2026-07-29T17:09:57.327+03:00  INFO 26012 --- [task-app] [main] org.hibernate.orm.core                   : HHH000489: No JTA platform available (set 'hibernate.transaction.jta.platform' to enable JTA platform integration)
2026-07-29T17:09:57.366+03:00  INFO 26012 --- [task-app] [main] j.LocalContainerEntityManagerFactoryBean : Initialized JPA EntityManagerFactory for persistence unit 'default'
2026-07-29T17:09:57.456+03:00  INFO 26012 --- [task-app] [main] o.s.d.j.r.query.QueryEnhancerFactories   : Hibernate is in classpath; If applicable, HQL parser will be used.
2026-07-29T17:09:57.661+03:00  WARN 26012 --- [task-app] [main] JpaBaseConfiguration$JpaWebConfiguration : spring.jpa.open-in-view is enabled by default. Therefore, database queries may be performed during view rendering. Explicitly configure spring.jpa.open-in-view to disable this warning
2026-07-29T17:09:58.073+03:00  INFO 26012 --- [task-app] [main] o.s.b.h.a.H2ConsoleAutoConfiguration     : H2 console available at '/h2-console'. Database available at 'jdbc:h2:mem:tododb'
2026-07-29T17:09:58.182+03:00  INFO 26012 --- [task-app] [main] d.p.task_app.TaskServiceIntegrationTest  : Started TaskServiceIntegrationTest in 4.456 seconds (process running for 5.809)
2026-07-29T17:09:58.597+03:00  INFO 26012 --- [task-app] [main] taskApp.service.TaskServiceImpl          : Task created
2026-07-29T17:09:59.023+03:00  INFO 26012 --- [task-app] [main] taskApp.service.TaskServiceImpl          : Task with id = 1 deleted
2026-07-29T17:09:59.037+03:00  INFO 26012 --- [task-app] [main] taskApp.service.TaskServiceImpl          : Reading task with id = 1
2026-07-29T17:09:59.064+03:00  INFO 26012 --- [task-app] [main] taskApp.service.TaskServiceImpl          : Task created
2026-07-29T17:09:59.066+03:00  INFO 26012 --- [task-app] [main] taskApp.service.TaskServiceImpl          : Reading task with id = 2
2026-07-29T17:09:59.073+03:00  INFO 26012 --- [task-app] [main] taskApp.service.TaskServiceImpl          : Task created
2026-07-29T17:09:59.074+03:00  INFO 26012 --- [task-app] [main] taskApp.service.TaskServiceImpl          : Task with id = 3updated
2026-07-29T17:09:59.214+03:00  INFO 26012 --- [task-app] [SpringApplicationShutdownHook] j.LocalContainerEntityManagerFactoryBean : Closing JPA EntityManagerFactory for persistence unit 'default'
2026-07-29T17:09:59.220+03:00  INFO 26012 --- [task-app] [SpringApplicationShutdownHook] com.zaxxer.hikari.HikariDataSource       : HikariPool-1 - Shutdown initiated...
2026-07-29T17:09:59.225+03:00  INFO 26012 --- [task-app] [SpringApplicationShutdownHook] com.zaxxer.hikari.HikariDataSource       : HikariPool-1 - Shutdown completed.
2026-07-29T17:11:44.192+03:00  INFO 23784 --- [task-app] [main] d.p.task_app.TaskServiceIntegrationTest  : Starting TaskServiceIntegrationTest using Java 25.0.1 with PID 23784 (started by Daniil Pevzner in C:\PROJECTS\task-app)
2026-07-29T17:11:44.195+03:00  INFO 23784 --- [task-app] [main] d.p.task_app.TaskServiceIntegrationTest  : No active profile set, falling back to 1 default profile: "default"
2026-07-29T17:11:45.016+03:00  INFO 23784 --- [task-app] [main] .s.d.r.c.RepositoryConfigurationDelegate : Bootstrapping Spring Data JPA repositories in DEFAULT mode.
2026-07-29T17:11:45.079+03:00  INFO 23784 --- [task-app] [main] .s.d.r.c.RepositoryConfigurationDelegate : Finished Spring Data repository scanning in 50 ms. Found 1 JPA repository interface.
2026-07-29T17:11:45.579+03:00  INFO 23784 --- [task-app] [main] org.hibernate.orm.jpa                    : HHH008540: Processing PersistenceUnitInfo [name: default]
2026-07-29T17:11:45.647+03:00  INFO 23784 --- [task-app] [main] org.hibernate.orm.core                   : HHH000001: Hibernate ORM core version 7.4.1.Final
2026-07-29T17:11:46.312+03:00  INFO 23784 --- [task-app] [main] o.s.o.j.p.SpringPersistenceUnitInfo      : No LoadTimeWeaver setup: ignoring JPA class transformer
2026-07-29T17:11:46.356+03:00  INFO 23784 --- [task-app] [main] com.zaxxer.hikari.HikariDataSource       : HikariPool-1 - Starting...
2026-07-29T17:11:46.608+03:00  INFO 23784 --- [task-app] [main] com.zaxxer.hikari.pool.HikariPool        : HikariPool-1 - Added connection conn0: url=jdbc:h2:mem:tododb user=ROOT
2026-07-29T17:11:46.611+03:00  INFO 23784 --- [task-app] [main] com.zaxxer.hikari.HikariDataSource       : HikariPool-1 - Start completed.
2026-07-29T17:11:46.640+03:00  WARN 23784 --- [task-app] [main] org.hibernate.orm.deprecation            : HHH90000025: H2Dialect does not need to be specified explicitly using 'hibernate.dialect' (remove the property setting and it will be selected by default)
2026-07-29T17:11:46.666+03:00  INFO 23784 --- [task-app] [main] org.hibernate.orm.connections.pooling    : HHH10001005: Database info:
	Database JDBC URL [jdbc:h2:mem:tododb]
	Database driver: H2 JDBC Driver
	Database dialect: H2Dialect
	Database version: 2.4.240
	Default catalog/schema: TODODB/PUBLIC
	Autocommit mode: undefined/unknown
	Isolation level: READ_COMMITTED [default READ_COMMITTED]
	JDBC fetch size: 100
	Pool: DataSourceConnectionProvider
	Minimum pool size: undefined/unknown
	Maximum pool size: undefined/unknown
2026-07-29T17:11:47.687+03:00  INFO 23784 --- [task-app] [main] org.hibernate.orm.core                   : HHH000489: No JTA platform available (set 'hibernate.transaction.jta.platform' to enable JTA platform integration)
2026-07-29T17:11:47.728+03:00  INFO 23784 --- [task-app] [main] j.LocalContainerEntityManagerFactoryBean : Initialized JPA EntityManagerFactory for persistence unit 'default'
2026-07-29T17:11:47.816+03:00  INFO 23784 --- [task-app] [main] o.s.d.j.r.query.QueryEnhancerFactories   : Hibernate is in classpath; If applicable, HQL parser will be used.
2026-07-29T17:11:48.139+03:00  WARN 23784 --- [task-app] [main] JpaBaseConfiguration$JpaWebConfiguration : spring.jpa.open-in-view is enabled by default. Therefore, database queries may be performed during view rendering. Explicitly configure spring.jpa.open-in-view to disable this warning
2026-07-29T17:11:48.586+03:00  INFO 23784 --- [task-app] [main] o.s.b.h.a.H2ConsoleAutoConfiguration     : H2 console available at '/h2-console'. Database available at 'jdbc:h2:mem:tododb'
2026-07-29T17:11:48.692+03:00  INFO 23784 --- [task-app] [main] d.p.task_app.TaskServiceIntegrationTest  : Started TaskServiceIntegrationTest in 4.917 seconds (process running for 6.361)
2026-07-29T17:11:49.143+03:00  INFO 23784 --- [task-app] [main] taskApp.service.TaskServiceImpl          : Task created
2026-07-29T17:11:49.592+03:00  INFO 23784 --- [task-app] [main] taskApp.service.TaskServiceImpl          : Task with id = 1 deleted
2026-07-29T17:11:49.604+03:00  INFO 23784 --- [task-app] [main] taskApp.service.TaskServiceImpl          : Reading task with id = 1
2026-07-29T17:11:49.635+03:00  INFO 23784 --- [task-app] [main] taskApp.service.TaskServiceImpl          : Task created
2026-07-29T17:11:49.637+03:00  INFO 23784 --- [task-app] [main] taskApp.service.TaskServiceImpl          : Reading task with id = 2
2026-07-29T17:11:49.645+03:00  INFO 23784 --- [task-app] [main] taskApp.service.TaskServiceImpl          : Task created
2026-07-29T17:11:49.646+03:00  INFO 23784 --- [task-app] [main] taskApp.service.TaskServiceImpl          : Task with id = 3updated
2026-07-29T17:11:49.760+03:00  INFO 23784 --- [task-app] [SpringApplicationShutdownHook] j.LocalContainerEntityManagerFactoryBean : Closing JPA EntityManagerFactory for persistence unit 'default'
2026-07-29T17:11:49.762+03:00  INFO 23784 --- [task-app] [SpringApplicationShutdownHook] com.zaxxer.hikari.HikariDataSource       : HikariPool-1 - Shutdown initiated...
2026-07-29T17:11:49.765+03:00  INFO 23784 --- [task-app] [SpringApplicationShutdownHook] com.zaxxer.hikari.HikariDataSource       : HikariPool-1 - Shutdown completed.
2026-07-29T17:13:28.860+03:00  INFO 29100 --- [task-app] [main] d.p.task_app.TaskServiceIntegrationTest  : Starting TaskServiceIntegrationTest using Java 25.0.1 with PID 29100 (started by Daniil Pevzner in C:\PROJECTS\task-app)
2026-07-29T17:13:28.865+03:00  INFO 29100 --- [task-app] [main] d.p.task_app.TaskServiceIntegrationTest  : No active profile set, falling back to 1 default profile: "default"
2026-07-29T17:13:29.755+03:00  INFO 29100 --- [task-app] [main] .s.d.r.c.RepositoryConfigurationDelegate : Bootstrapping Spring Data JPA repositories in DEFAULT mode.
2026-07-29T17:13:29.832+03:00  INFO 29100 --- [task-app] [main] .s.d.r.c.RepositoryConfigurationDelegate : Finished Spring Data repository scanning in 60 ms. Found 1 JPA repository interface.
2026-07-29T17:13:30.341+03:00  INFO 29100 --- [task-app] [main] org.hibernate.orm.jpa                    : HHH008540: Processing PersistenceUnitInfo [name: default]
2026-07-29T17:13:30.420+03:00  INFO 29100 --- [task-app] [main] org.hibernate.orm.core                   : HHH000001: Hibernate ORM core version 7.4.1.Final
2026-07-29T17:13:31.148+03:00  INFO 29100 --- [task-app] [main] o.s.o.j.p.SpringPersistenceUnitInfo      : No LoadTimeWeaver setup: ignoring JPA class transformer
2026-07-29T17:13:31.184+03:00  INFO 29100 --- [task-app] [main] com.zaxxer.hikari.HikariDataSource       : HikariPool-1 - Starting...
2026-07-29T17:13:31.396+03:00  INFO 29100 --- [task-app] [main] com.zaxxer.hikari.pool.HikariPool        : HikariPool-1 - Added connection conn0: url=jdbc:h2:mem:tododb user=ROOT
2026-07-29T17:13:31.398+03:00  INFO 29100 --- [task-app] [main] com.zaxxer.hikari.HikariDataSource       : HikariPool-1 - Start completed.
2026-07-29T17:13:31.423+03:00  WARN 29100 --- [task-app] [main] org.hibernate.orm.deprecation            : HHH90000025: H2Dialect does not need to be specified explicitly using 'hibernate.dialect' (remove the property setting and it will be selected by default)
2026-07-29T17:13:31.453+03:00  INFO 29100 --- [task-app] [main] org.hibernate.orm.connections.pooling    : HHH10001005: Database info:
	Database JDBC URL [jdbc:h2:mem:tododb]
	Database driver: H2 JDBC Driver
	Database dialect: H2Dialect
	Database version: 2.4.240
	Default catalog/schema: TODODB/PUBLIC
	Autocommit mode: undefined/unknown
	Isolation level: READ_COMMITTED [default READ_COMMITTED]
	JDBC fetch size: 100
	Pool: DataSourceConnectionProvider
	Minimum pool size: undefined/unknown
	Maximum pool size: undefined/unknown
2026-07-29T17:13:32.575+03:00  INFO 29100 --- [task-app] [main] org.hibernate.orm.core                   : HHH000489: No JTA platform available (set 'hibernate.transaction.jta.platform' to enable JTA platform integration)
2026-07-29T17:13:32.615+03:00  INFO 29100 --- [task-app] [main] j.LocalContainerEntityManagerFactoryBean : Initialized JPA EntityManagerFactory for persistence unit 'default'
2026-07-29T17:13:32.712+03:00  INFO 29100 --- [task-app] [main] o.s.d.j.r.query.QueryEnhancerFactories   : Hibernate is in classpath; If applicable, HQL parser will be used.
2026-07-29T17:13:32.970+03:00  WARN 29100 --- [task-app] [main] JpaBaseConfiguration$JpaWebConfiguration : spring.jpa.open-in-view is enabled by default. Therefore, database queries may be performed during view rendering. Explicitly configure spring.jpa.open-in-view to disable this warning
2026-07-29T17:13:33.490+03:00  INFO 29100 --- [task-app] [main] o.s.b.h.a.H2ConsoleAutoConfiguration     : H2 console available at '/h2-console'. Database available at 'jdbc:h2:mem:tododb'
2026-07-29T17:13:33.614+03:00  INFO 29100 --- [task-app] [main] d.p.task_app.TaskServiceIntegrationTest  : Started TaskServiceIntegrationTest in 5.202 seconds (process running for 6.793)
2026-07-29T17:13:34.056+03:00  INFO 29100 --- [task-app] [main] taskApp.service.TaskServiceImpl          : Task created
2026-07-29T17:13:34.541+03:00  INFO 29100 --- [task-app] [main] taskApp.service.TaskServiceImpl          : Task with id = 1 deleted
2026-07-29T17:13:34.556+03:00  INFO 29100 --- [task-app] [main] taskApp.service.TaskServiceImpl          : Reading task with id = 1
2026-07-29T17:13:34.587+03:00  INFO 29100 --- [task-app] [main] taskApp.service.TaskServiceImpl          : Task created
2026-07-29T17:13:34.589+03:00  INFO 29100 --- [task-app] [main] taskApp.service.TaskServiceImpl          : Reading task with id = 2
2026-07-29T17:13:34.597+03:00  INFO 29100 --- [task-app] [main] taskApp.service.TaskServiceImpl          : Task created
2026-07-29T17:13:34.599+03:00  INFO 29100 --- [task-app] [main] taskApp.service.TaskServiceImpl          : Task with id = 3updated
2026-07-29T17:13:34.726+03:00  INFO 29100 --- [task-app] [SpringApplicationShutdownHook] j.LocalContainerEntityManagerFactoryBean : Closing JPA EntityManagerFactory for persistence unit 'default'
2026-07-29T17:13:34.729+03:00  INFO 29100 --- [task-app] [SpringApplicationShutdownHook] com.zaxxer.hikari.HikariDataSource       : HikariPool-1 - Shutdown initiated...
2026-07-29T17:13:34.733+03:00  INFO 29100 --- [task-app] [SpringApplicationShutdownHook] com.zaxxer.hikari.HikariDataSource       : HikariPool-1 - Shutdown completed.
2026-07-29T17:20:40.432+03:00  INFO 23144 --- [task-app] [main] d.p.task_app.TaskServiceIntegrationTest  : Starting TaskServiceIntegrationTest using Java 25.0.1 with PID 23144 (started by Daniil Pevzner in C:\PROJECTS\task-app)
2026-07-29T17:20:40.436+03:00  INFO 23144 --- [task-app] [main] d.p.task_app.TaskServiceIntegrationTest  : No active profile set, falling back to 1 default profile: "default"
2026-07-29T17:20:41.208+03:00  INFO 23144 --- [task-app] [main] .s.d.r.c.RepositoryConfigurationDelegate : Bootstrapping Spring Data JPA repositories in DEFAULT mode.
2026-07-29T17:20:41.277+03:00  INFO 23144 --- [task-app] [main] .s.d.r.c.RepositoryConfigurationDelegate : Finished Spring Data repository scanning in 54 ms. Found 1 JPA repository interface.
2026-07-29T17:20:41.708+03:00  INFO 23144 --- [task-app] [main] org.hibernate.orm.jpa                    : HHH008540: Processing PersistenceUnitInfo [name: default]
2026-07-29T17:20:41.775+03:00  INFO 23144 --- [task-app] [main] org.hibernate.orm.core                   : HHH000001: Hibernate ORM core version 7.4.1.Final
2026-07-29T17:20:42.389+03:00  INFO 23144 --- [task-app] [main] o.s.o.j.p.SpringPersistenceUnitInfo      : No LoadTimeWeaver setup: ignoring JPA class transformer
2026-07-29T17:20:42.432+03:00  INFO 23144 --- [task-app] [main] com.zaxxer.hikari.HikariDataSource       : HikariPool-1 - Starting...
2026-07-29T17:20:42.621+03:00  INFO 23144 --- [task-app] [main] com.zaxxer.hikari.pool.HikariPool        : HikariPool-1 - Added connection conn0: url=jdbc:h2:mem:tododb user=ROOT
2026-07-29T17:20:42.623+03:00  INFO 23144 --- [task-app] [main] com.zaxxer.hikari.HikariDataSource       : HikariPool-1 - Start completed.
2026-07-29T17:20:42.648+03:00  WARN 23144 --- [task-app] [main] org.hibernate.orm.deprecation            : HHH90000025: H2Dialect does not need to be specified explicitly using 'hibernate.dialect' (remove the property setting and it will be selected by default)
2026-07-29T17:20:42.676+03:00  INFO 23144 --- [task-app] [main] org.hibernate.orm.connections.pooling    : HHH10001005: Database info:
	Database JDBC URL [jdbc:h2:mem:tododb]
	Database driver: H2 JDBC Driver
	Database dialect: H2Dialect
	Database version: 2.4.240
	Default catalog/schema: TODODB/PUBLIC
	Autocommit mode: undefined/unknown
	Isolation level: READ_COMMITTED [default READ_COMMITTED]
	JDBC fetch size: 100
	Pool: DataSourceConnectionProvider
	Minimum pool size: undefined/unknown
	Maximum pool size: undefined/unknown
2026-07-29T17:20:43.699+03:00  INFO 23144 --- [task-app] [main] org.hibernate.orm.core                   : HHH000489: No JTA platform available (set 'hibernate.transaction.jta.platform' to enable JTA platform integration)
2026-07-29T17:20:43.742+03:00  INFO 23144 --- [task-app] [main] j.LocalContainerEntityManagerFactoryBean : Initialized JPA EntityManagerFactory for persistence unit 'default'
2026-07-29T17:20:43.844+03:00  INFO 23144 --- [task-app] [main] o.s.d.j.r.query.QueryEnhancerFactories   : Hibernate is in classpath; If applicable, HQL parser will be used.
2026-07-29T17:20:44.070+03:00  WARN 23144 --- [task-app] [main] JpaBaseConfiguration$JpaWebConfiguration : spring.jpa.open-in-view is enabled by default. Therefore, database queries may be performed during view rendering. Explicitly configure spring.jpa.open-in-view to disable this warning
2026-07-29T17:20:44.509+03:00  INFO 23144 --- [task-app] [main] o.s.b.h.a.H2ConsoleAutoConfiguration     : H2 console available at '/h2-console'. Database available at 'jdbc:h2:mem:tododb'
2026-07-29T17:20:44.623+03:00  INFO 23144 --- [task-app] [main] d.p.task_app.TaskServiceIntegrationTest  : Started TaskServiceIntegrationTest in 4.577 seconds (process running for 5.958)
2026-07-29T17:20:45.093+03:00  INFO 23144 --- [task-app] [main] taskApp.service.TaskServiceImpl          : Task created
2026-07-29T17:20:45.513+03:00  INFO 23144 --- [task-app] [main] taskApp.service.TaskServiceImpl          : Task with id = 1 deleted
2026-07-29T17:20:45.526+03:00  INFO 23144 --- [task-app] [main] taskApp.service.TaskServiceImpl          : Reading task with id = 1
2026-07-29T17:20:45.556+03:00  INFO 23144 --- [task-app] [main] taskApp.service.TaskServiceImpl          : Task created
2026-07-29T17:20:45.558+03:00  INFO 23144 --- [task-app] [main] taskApp.service.TaskServiceImpl          : Reading task with id = 2
2026-07-29T17:20:45.566+03:00  INFO 23144 --- [task-app] [main] taskApp.service.TaskServiceImpl          : Task created
2026-07-29T17:20:45.567+03:00  INFO 23144 --- [task-app] [main] taskApp.service.TaskServiceImpl          : Task with id = 3updated
2026-07-29T17:20:45.581+03:00  INFO 23144 --- [task-app] [SpringApplicationShutdownHook] j.LocalContainerEntityManagerFactoryBean : Closing JPA EntityManagerFactory for persistence unit 'default'
2026-07-29T17:20:45.584+03:00  INFO 23144 --- [task-app] [SpringApplicationShutdownHook] com.zaxxer.hikari.HikariDataSource       : HikariPool-1 - Shutdown initiated...
2026-07-29T17:20:45.587+03:00  INFO 23144 --- [task-app] [SpringApplicationShutdownHook] com.zaxxer.hikari.HikariDataSource       : HikariPool-1 - Shutdown completed.
2026-07-29T17:41:19.096+03:00  INFO 30008 --- [task-app] [main] d.p.task_app.TaskServiceIntegrationTest  : Starting TaskServiceIntegrationTest using Java 25.0.1 with PID 30008 (started by Daniil Pevzner in C:\PROJECTS\task-app)
2026-07-29T17:41:19.099+03:00  INFO 30008 --- [task-app] [main] d.p.task_app.TaskServiceIntegrationTest  : No active profile set, falling back to 1 default profile: "default"
2026-07-29T17:41:19.881+03:00  INFO 30008 --- [task-app] [main] .s.d.r.c.RepositoryConfigurationDelegate : Bootstrapping Spring Data JPA repositories in DEFAULT mode.
2026-07-29T17:41:19.940+03:00  INFO 30008 --- [task-app] [main] .s.d.r.c.RepositoryConfigurationDelegate : Finished Spring Data repository scanning in 48 ms. Found 1 JPA repository interface.
2026-07-29T17:41:20.395+03:00  INFO 30008 --- [task-app] [main] org.hibernate.orm.jpa                    : HHH008540: Processing PersistenceUnitInfo [name: default]
2026-07-29T17:41:20.460+03:00  INFO 30008 --- [task-app] [main] org.hibernate.orm.core                   : HHH000001: Hibernate ORM core version 7.4.1.Final
2026-07-29T17:41:21.092+03:00  INFO 30008 --- [task-app] [main] o.s.o.j.p.SpringPersistenceUnitInfo      : No LoadTimeWeaver setup: ignoring JPA class transformer
2026-07-29T17:41:21.134+03:00  INFO 30008 --- [task-app] [main] com.zaxxer.hikari.HikariDataSource       : HikariPool-1 - Starting...
2026-07-29T17:41:21.342+03:00  INFO 30008 --- [task-app] [main] com.zaxxer.hikari.pool.HikariPool        : HikariPool-1 - Added connection conn0: url=jdbc:h2:mem:tododb user=ROOT
2026-07-29T17:41:21.344+03:00  INFO 30008 --- [task-app] [main] com.zaxxer.hikari.HikariDataSource       : HikariPool-1 - Start completed.
2026-07-29T17:41:21.369+03:00  WARN 30008 --- [task-app] [main] org.hibernate.orm.deprecation            : HHH90000025: H2Dialect does not need to be specified explicitly using 'hibernate.dialect' (remove the property setting and it will be selected by default)
2026-07-29T17:41:21.404+03:00  INFO 30008 --- [task-app] [main] org.hibernate.orm.connections.pooling    : HHH10001005: Database info:
	Database JDBC URL [jdbc:h2:mem:tododb]
	Database driver: H2 JDBC Driver
	Database dialect: H2Dialect
	Database version: 2.4.240
	Default catalog/schema: TODODB/PUBLIC
	Autocommit mode: undefined/unknown
	Isolation level: READ_COMMITTED [default READ_COMMITTED]
	JDBC fetch size: 100
	Pool: DataSourceConnectionProvider
	Minimum pool size: undefined/unknown
	Maximum pool size: undefined/unknown
2026-07-29T17:41:22.425+03:00  INFO 30008 --- [task-app] [main] org.hibernate.orm.core                   : HHH000489: No JTA platform available (set 'hibernate.transaction.jta.platform' to enable JTA platform integration)
2026-07-29T17:41:22.463+03:00  INFO 30008 --- [task-app] [main] j.LocalContainerEntityManagerFactoryBean : Initialized JPA EntityManagerFactory for persistence unit 'default'
2026-07-29T17:41:22.564+03:00  INFO 30008 --- [task-app] [main] o.s.d.j.r.query.QueryEnhancerFactories   : Hibernate is in classpath; If applicable, HQL parser will be used.
2026-07-29T17:41:22.771+03:00  WARN 30008 --- [task-app] [main] JpaBaseConfiguration$JpaWebConfiguration : spring.jpa.open-in-view is enabled by default. Therefore, database queries may be performed during view rendering. Explicitly configure spring.jpa.open-in-view to disable this warning
2026-07-29T17:41:23.191+03:00  INFO 30008 --- [task-app] [main] o.s.b.h.a.H2ConsoleAutoConfiguration     : H2 console available at '/h2-console'. Database available at 'jdbc:h2:mem:tododb'
2026-07-29T17:41:23.296+03:00  INFO 30008 --- [task-app] [main] d.p.task_app.TaskServiceIntegrationTest  : Started TaskServiceIntegrationTest in 4.58 seconds (process running for 6.045)
2026-07-29T17:41:23.698+03:00  INFO 30008 --- [task-app] [main] taskApp.service.TaskServiceImpl          : Task created
2026-07-29T17:41:24.118+03:00  INFO 30008 --- [task-app] [main] taskApp.service.TaskServiceImpl          : Task with id = 1 deleted
2026-07-29T17:41:24.131+03:00  INFO 30008 --- [task-app] [main] taskApp.service.TaskServiceImpl          : Reading task with id = 1
2026-07-29T17:41:24.160+03:00  INFO 30008 --- [task-app] [main] taskApp.service.TaskServiceImpl          : Task created
2026-07-29T17:41:24.163+03:00  INFO 30008 --- [task-app] [main] taskApp.service.TaskServiceImpl          : Reading task with id = 2
2026-07-29T17:41:24.170+03:00  INFO 30008 --- [task-app] [main] taskApp.service.TaskServiceImpl          : Task created
2026-07-29T17:41:24.172+03:00  INFO 30008 --- [task-app] [main] taskApp.service.TaskServiceImpl          : Task with id = 3updated
2026-07-29T17:41:24.187+03:00  INFO 30008 --- [task-app] [SpringApplicationShutdownHook] j.LocalContainerEntityManagerFactoryBean : Closing JPA EntityManagerFactory for persistence unit 'default'
2026-07-29T17:41:24.189+03:00  INFO 30008 --- [task-app] [SpringApplicationShutdownHook] com.zaxxer.hikari.HikariDataSource       : HikariPool-1 - Shutdown initiated...
2026-07-29T17:41:24.193+03:00  INFO 30008 --- [task-app] [SpringApplicationShutdownHook] com.zaxxer.hikari.HikariDataSource       : HikariPool-1 - Shutdown completed.
2026-07-29T17:41:34.725+03:00  INFO 13200 --- [task-app] [main] taskApp.TaskApplication                  : Starting TaskApplication using Java 25.0.1 with PID 13200 (C:\PROJECTS\task-app\target\classes started by Daniil Pevzner in C:\PROJECTS\task-app)
2026-07-29T17:41:34.729+03:00  INFO 13200 --- [task-app] [main] taskApp.TaskApplication                  : No active profile set, falling back to 1 default profile: "default"
2026-07-29T17:41:35.520+03:00  INFO 13200 --- [task-app] [main] .s.d.r.c.RepositoryConfigurationDelegate : Bootstrapping Spring Data JPA repositories in DEFAULT mode.
2026-07-29T17:41:35.580+03:00  INFO 13200 --- [task-app] [main] .s.d.r.c.RepositoryConfigurationDelegate : Finished Spring Data repository scanning in 50 ms. Found 1 JPA repository interface.
2026-07-29T17:41:36.074+03:00  INFO 13200 --- [task-app] [main] o.s.boot.tomcat.TomcatWebServer          : Tomcat initialized with port 8080 (http)
2026-07-29T17:41:36.087+03:00  INFO 13200 --- [task-app] [main] o.apache.catalina.core.StandardService   : Starting service [Tomcat]
2026-07-29T17:41:36.087+03:00  INFO 13200 --- [task-app] [main] o.apache.catalina.core.StandardEngine    : Starting Servlet engine: [Apache Tomcat/11.0.22]
2026-07-29T17:41:36.148+03:00  INFO 13200 --- [task-app] [main] b.w.c.s.WebApplicationContextInitializer : Root WebApplicationContext: initialization completed in 1351 ms
2026-07-29T17:41:36.412+03:00  INFO 13200 --- [task-app] [main] org.hibernate.orm.jpa                    : HHH008540: Processing PersistenceUnitInfo [name: default]
2026-07-29T17:41:36.477+03:00  INFO 13200 --- [task-app] [main] org.hibernate.orm.core                   : HHH000001: Hibernate ORM core version 7.4.1.Final
2026-07-29T17:41:36.963+03:00  INFO 13200 --- [task-app] [main] o.s.o.j.p.SpringPersistenceUnitInfo      : No LoadTimeWeaver setup: ignoring JPA class transformer
2026-07-29T17:41:36.996+03:00  INFO 13200 --- [task-app] [main] com.zaxxer.hikari.HikariDataSource       : HikariPool-1 - Starting...
2026-07-29T17:41:37.171+03:00  INFO 13200 --- [task-app] [main] com.zaxxer.hikari.pool.HikariPool        : HikariPool-1 - Added connection conn0: url=jdbc:h2:mem:tododb user=ROOT
2026-07-29T17:41:37.174+03:00  INFO 13200 --- [task-app] [main] com.zaxxer.hikari.HikariDataSource       : HikariPool-1 - Start completed.
2026-07-29T17:41:37.196+03:00  WARN 13200 --- [task-app] [main] org.hibernate.orm.deprecation            : HHH90000025: H2Dialect does not need to be specified explicitly using 'hibernate.dialect' (remove the property setting and it will be selected by default)
2026-07-29T17:41:37.218+03:00  INFO 13200 --- [task-app] [main] org.hibernate.orm.connections.pooling    : HHH10001005: Database info:
	Database JDBC URL [jdbc:h2:mem:tododb]
	Database driver: H2 JDBC Driver
	Database dialect: H2Dialect
	Database version: 2.4.240
	Default catalog/schema: TODODB/PUBLIC
	Autocommit mode: undefined/unknown
	Isolation level: READ_COMMITTED [default READ_COMMITTED]
	JDBC fetch size: 100
	Pool: DataSourceConnectionProvider
	Minimum pool size: undefined/unknown
	Maximum pool size: undefined/unknown
2026-07-29T17:41:38.061+03:00  INFO 13200 --- [task-app] [main] org.hibernate.orm.core                   : HHH000489: No JTA platform available (set 'hibernate.transaction.jta.platform' to enable JTA platform integration)
2026-07-29T17:41:38.092+03:00  INFO 13200 --- [task-app] [main] j.LocalContainerEntityManagerFactoryBean : Initialized JPA EntityManagerFactory for persistence unit 'default'
2026-07-29T17:41:38.165+03:00  INFO 13200 --- [task-app] [main] o.s.d.j.r.query.QueryEnhancerFactories   : Hibernate is in classpath; If applicable, HQL parser will be used.
2026-07-29T17:41:38.294+03:00  WARN 13200 --- [task-app] [main] JpaBaseConfiguration$JpaWebConfiguration : spring.jpa.open-in-view is enabled by default. Therefore, database queries may be performed during view rendering. Explicitly configure spring.jpa.open-in-view to disable this warning
2026-07-29T17:41:38.604+03:00  INFO 13200 --- [task-app] [main] o.s.b.h.a.H2ConsoleAutoConfiguration     : H2 console available at '/h2-console'. Database available at 'jdbc:h2:mem:tododb'
2026-07-29T17:41:38.656+03:00  INFO 13200 --- [task-app] [main] o.s.boot.tomcat.TomcatWebServer          : Tomcat started on port 8080 (http) with context path '/'
2026-07-29T17:41:38.661+03:00  INFO 13200 --- [task-app] [main] taskApp.TaskApplication                  : Started TaskApplication in 4.479 seconds (process running for 5.011)
2026-07-29T17:41:56.220+03:00  INFO 13200 --- [task-app] [http-nio-8080-exec-1] o.a.c.c.C.[Tomcat].[localhost].[/]       : Initializing Spring DispatcherServlet 'dispatcherServlet'
2026-07-29T17:41:56.221+03:00  INFO 13200 --- [task-app] [http-nio-8080-exec-1] o.s.web.servlet.DispatcherServlet        : Initializing Servlet 'dispatcherServlet'
2026-07-29T17:41:56.222+03:00  INFO 13200 --- [task-app] [http-nio-8080-exec-1] o.s.web.servlet.DispatcherServlet        : Completed initialization in 1 ms
2026-07-29T17:43:00.132+03:00  INFO 13200 --- [task-app] [SpringApplicationShutdownHook] o.s.boot.tomcat.GracefulShutdown         : Commencing graceful shutdown. Waiting for active requests to complete
2026-07-29T17:43:00.140+03:00  INFO 13200 --- [task-app] [tomcat-shutdown] o.s.boot.tomcat.GracefulShutdown         : Graceful shutdown complete
2026-07-29T17:43:00.144+03:00  INFO 13200 --- [task-app] [SpringApplicationShutdownHook] j.LocalContainerEntityManagerFactoryBean : Closing JPA EntityManagerFactory for persistence unit 'default'
2026-07-29T17:43:00.147+03:00  INFO 13200 --- [task-app] [SpringApplicationShutdownHook] com.zaxxer.hikari.HikariDataSource       : HikariPool-1 - Shutdown initiated...
2026-07-29T17:43:00.150+03:00  INFO 13200 --- [task-app] [SpringApplicationShutdownHook] com.zaxxer.hikari.HikariDataSource       : HikariPool-1 - Shutdown completed.
2026-07-29T17:43:03.117+03:00  INFO 28112 --- [task-app] [main] taskApp.TaskApplication                  : Starting TaskApplication using Java 25.0.1 with PID 28112 (C:\PROJECTS\task-app\target\classes started by Daniil Pevzner in C:\PROJECTS\task-app)
2026-07-29T17:43:03.128+03:00  INFO 28112 --- [task-app] [main] taskApp.TaskApplication                  : No active profile set, falling back to 1 default profile: "default"
2026-07-29T17:43:04.110+03:00  INFO 28112 --- [task-app] [main] .s.d.r.c.RepositoryConfigurationDelegate : Bootstrapping Spring Data JPA repositories in DEFAULT mode.
2026-07-29T17:43:04.182+03:00  INFO 28112 --- [task-app] [main] .s.d.r.c.RepositoryConfigurationDelegate : Finished Spring Data repository scanning in 57 ms. Found 1 JPA repository interface.
2026-07-29T17:43:04.754+03:00  INFO 28112 --- [task-app] [main] o.s.boot.tomcat.TomcatWebServer          : Tomcat initialized with port 8080 (http)
2026-07-29T17:43:04.768+03:00  INFO 28112 --- [task-app] [main] o.apache.catalina.core.StandardService   : Starting service [Tomcat]
2026-07-29T17:43:04.768+03:00  INFO 28112 --- [task-app] [main] o.apache.catalina.core.StandardEngine    : Starting Servlet engine: [Apache Tomcat/11.0.22]
2026-07-29T17:43:04.827+03:00  INFO 28112 --- [task-app] [main] b.w.c.s.WebApplicationContextInitializer : Root WebApplicationContext: initialization completed in 1614 ms
2026-07-29T17:43:05.040+03:00  INFO 28112 --- [task-app] [main] org.hibernate.orm.jpa                    : HHH008540: Processing PersistenceUnitInfo [name: default]
2026-07-29T17:43:05.117+03:00  INFO 28112 --- [task-app] [main] org.hibernate.orm.core                   : HHH000001: Hibernate ORM core version 7.4.1.Final
2026-07-29T17:43:05.664+03:00  INFO 28112 --- [task-app] [main] o.s.o.j.p.SpringPersistenceUnitInfo      : No LoadTimeWeaver setup: ignoring JPA class transformer
2026-07-29T17:43:05.711+03:00  INFO 28112 --- [task-app] [main] com.zaxxer.hikari.HikariDataSource       : HikariPool-1 - Starting...
2026-07-29T17:43:05.911+03:00  INFO 28112 --- [task-app] [main] com.zaxxer.hikari.pool.HikariPool        : HikariPool-1 - Added connection conn0: url=jdbc:h2:mem:tododb user=ROOT
2026-07-29T17:43:05.912+03:00  INFO 28112 --- [task-app] [main] com.zaxxer.hikari.HikariDataSource       : HikariPool-1 - Start completed.
2026-07-29T17:43:05.934+03:00  WARN 28112 --- [task-app] [main] org.hibernate.orm.deprecation            : HHH90000025: H2Dialect does not need to be specified explicitly using 'hibernate.dialect' (remove the property setting and it will be selected by default)
2026-07-29T17:43:05.956+03:00  INFO 28112 --- [task-app] [main] org.hibernate.orm.connections.pooling    : HHH10001005: Database info:
	Database JDBC URL [jdbc:h2:mem:tododb]
	Database driver: H2 JDBC Driver
	Database dialect: H2Dialect
	Database version: 2.4.240
	Default catalog/schema: TODODB/PUBLIC
	Autocommit mode: undefined/unknown
	Isolation level: READ_COMMITTED [default READ_COMMITTED]
	JDBC fetch size: 100
	Pool: DataSourceConnectionProvider
	Minimum pool size: undefined/unknown
	Maximum pool size: undefined/unknown
2026-07-29T17:43:06.912+03:00  INFO 28112 --- [task-app] [main] org.hibernate.orm.core                   : HHH000489: No JTA platform available (set 'hibernate.transaction.jta.platform' to enable JTA platform integration)
2026-07-29T17:43:06.948+03:00  INFO 28112 --- [task-app] [main] j.LocalContainerEntityManagerFactoryBean : Initialized JPA EntityManagerFactory for persistence unit 'default'
2026-07-29T17:43:07.034+03:00  INFO 28112 --- [task-app] [main] o.s.d.j.r.query.QueryEnhancerFactories   : Hibernate is in classpath; If applicable, HQL parser will be used.
2026-07-29T17:43:07.185+03:00  WARN 28112 --- [task-app] [main] JpaBaseConfiguration$JpaWebConfiguration : spring.jpa.open-in-view is enabled by default. Therefore, database queries may be performed during view rendering. Explicitly configure spring.jpa.open-in-view to disable this warning
2026-07-29T17:43:07.208+03:00  INFO 28112 --- [task-app] [main] o.s.b.w.a.WelcomePageHandlerMapping      : Adding welcome page: class path resource [static/index.html]
2026-07-29T17:43:07.529+03:00  INFO 28112 --- [task-app] [main] o.s.b.h.a.H2ConsoleAutoConfiguration     : H2 console available at '/h2-console'. Database available at 'jdbc:h2:mem:tododb'
2026-07-29T17:43:07.595+03:00  INFO 28112 --- [task-app] [main] o.s.boot.tomcat.TomcatWebServer          : Tomcat started on port 8080 (http) with context path '/'
2026-07-29T17:43:07.604+03:00  INFO 28112 --- [task-app] [main] taskApp.TaskApplication                  : Started TaskApplication in 5.22 seconds (process running for 5.86)
2026-07-29T17:43:15.861+03:00  INFO 28112 --- [task-app] [http-nio-8080-exec-1] o.a.c.c.C.[Tomcat].[localhost].[/]       : Initializing Spring DispatcherServlet 'dispatcherServlet'
2026-07-29T17:43:15.861+03:00  INFO 28112 --- [task-app] [http-nio-8080-exec-1] o.s.web.servlet.DispatcherServlet        : Initializing Servlet 'dispatcherServlet'
2026-07-29T17:43:15.863+03:00  INFO 28112 --- [task-app] [http-nio-8080-exec-1] o.s.web.servlet.DispatcherServlet        : Completed initialization in 1 ms
2026-07-29T17:47:45.389+03:00  INFO 28112 --- [task-app] [SpringApplicationShutdownHook] o.s.boot.tomcat.GracefulShutdown         : Commencing graceful shutdown. Waiting for active requests to complete
2026-07-29T17:47:45.399+03:00  INFO 28112 --- [task-app] [tomcat-shutdown] o.s.boot.tomcat.GracefulShutdown         : Graceful shutdown complete
2026-07-29T17:47:45.402+03:00  INFO 28112 --- [task-app] [SpringApplicationShutdownHook] j.LocalContainerEntityManagerFactoryBean : Closing JPA EntityManagerFactory for persistence unit 'default'
2026-07-29T17:47:45.405+03:00  INFO 28112 --- [task-app] [SpringApplicationShutdownHook] com.zaxxer.hikari.HikariDataSource       : HikariPool-1 - Shutdown initiated...
2026-07-29T17:47:45.408+03:00  INFO 28112 --- [task-app] [SpringApplicationShutdownHook] com.zaxxer.hikari.HikariDataSource       : HikariPool-1 - Shutdown completed.
2026-07-29T17:47:49.913+03:00  INFO 10492 --- [task-app] [main] taskApp.TaskApplication                  : Starting TaskApplication using Java 25.0.1 with PID 10492 (C:\PROJECTS\task-app\target\classes started by Daniil Pevzner in C:\PROJECTS\task-app)
2026-07-29T17:47:49.918+03:00  INFO 10492 --- [task-app] [main] taskApp.TaskApplication                  : No active profile set, falling back to 1 default profile: "default"
2026-07-29T17:47:50.709+03:00  INFO 10492 --- [task-app] [main] .s.d.r.c.RepositoryConfigurationDelegate : Bootstrapping Spring Data JPA repositories in DEFAULT mode.
2026-07-29T17:47:50.775+03:00  INFO 10492 --- [task-app] [main] .s.d.r.c.RepositoryConfigurationDelegate : Finished Spring Data repository scanning in 52 ms. Found 1 JPA repository interface.
2026-07-29T17:47:51.396+03:00  INFO 10492 --- [task-app] [main] o.s.boot.tomcat.TomcatWebServer          : Tomcat initialized with port 8080 (http)
2026-07-29T17:47:51.413+03:00  INFO 10492 --- [task-app] [main] o.apache.catalina.core.StandardService   : Starting service [Tomcat]
2026-07-29T17:47:51.414+03:00  INFO 10492 --- [task-app] [main] o.apache.catalina.core.StandardEngine    : Starting Servlet engine: [Apache Tomcat/11.0.22]
2026-07-29T17:47:51.695+03:00  INFO 10492 --- [task-app] [main] b.w.c.s.WebApplicationContextInitializer : Root WebApplicationContext: initialization completed in 1703 ms
2026-07-29T17:47:51.980+03:00  INFO 10492 --- [task-app] [main] org.hibernate.orm.jpa                    : HHH008540: Processing PersistenceUnitInfo [name: default]
2026-07-29T17:47:52.048+03:00  INFO 10492 --- [task-app] [main] org.hibernate.orm.core                   : HHH000001: Hibernate ORM core version 7.4.1.Final
2026-07-29T17:47:52.531+03:00  INFO 10492 --- [task-app] [main] o.s.o.j.p.SpringPersistenceUnitInfo      : No LoadTimeWeaver setup: ignoring JPA class transformer
2026-07-29T17:47:52.563+03:00  INFO 10492 --- [task-app] [main] com.zaxxer.hikari.HikariDataSource       : HikariPool-1 - Starting...
2026-07-29T17:47:52.745+03:00  INFO 10492 --- [task-app] [main] com.zaxxer.hikari.pool.HikariPool        : HikariPool-1 - Added connection conn0: url=jdbc:h2:mem:tododb user=ROOT
2026-07-29T17:47:52.747+03:00  INFO 10492 --- [task-app] [main] com.zaxxer.hikari.HikariDataSource       : HikariPool-1 - Start completed.
2026-07-29T17:47:52.768+03:00  WARN 10492 --- [task-app] [main] org.hibernate.orm.deprecation            : HHH90000025: H2Dialect does not need to be specified explicitly using 'hibernate.dialect' (remove the property setting and it will be selected by default)
2026-07-29T17:47:52.789+03:00  INFO 10492 --- [task-app] [main] org.hibernate.orm.connections.pooling    : HHH10001005: Database info:
	Database JDBC URL [jdbc:h2:mem:tododb]
	Database driver: H2 JDBC Driver
	Database dialect: H2Dialect
	Database version: 2.4.240
	Default catalog/schema: TODODB/PUBLIC
	Autocommit mode: undefined/unknown
	Isolation level: READ_COMMITTED [default READ_COMMITTED]
	JDBC fetch size: 100
	Pool: DataSourceConnectionProvider
	Minimum pool size: undefined/unknown
	Maximum pool size: undefined/unknown
2026-07-29T17:47:53.711+03:00  INFO 10492 --- [task-app] [main] org.hibernate.orm.core                   : HHH000489: No JTA platform available (set 'hibernate.transaction.jta.platform' to enable JTA platform integration)
2026-07-29T17:47:53.745+03:00  INFO 10492 --- [task-app] [main] j.LocalContainerEntityManagerFactoryBean : Initialized JPA EntityManagerFactory for persistence unit 'default'
2026-07-29T17:47:53.824+03:00  INFO 10492 --- [task-app] [main] o.s.d.j.r.query.QueryEnhancerFactories   : Hibernate is in classpath; If applicable, HQL parser will be used.
2026-07-29T17:47:53.977+03:00  WARN 10492 --- [task-app] [main] JpaBaseConfiguration$JpaWebConfiguration : spring.jpa.open-in-view is enabled by default. Therefore, database queries may be performed during view rendering. Explicitly configure spring.jpa.open-in-view to disable this warning
2026-07-29T17:47:53.998+03:00  INFO 10492 --- [task-app] [main] o.s.b.w.a.WelcomePageHandlerMapping      : Adding welcome page: class path resource [static/index.html]
2026-07-29T17:47:54.302+03:00  INFO 10492 --- [task-app] [main] o.s.b.h.a.H2ConsoleAutoConfiguration     : H2 console available at '/h2-console'. Database available at 'jdbc:h2:mem:tododb'
2026-07-29T17:47:54.358+03:00  INFO 10492 --- [task-app] [main] o.s.boot.tomcat.TomcatWebServer          : Tomcat started on port 8080 (http) with context path '/'
2026-07-29T17:47:54.363+03:00  INFO 10492 --- [task-app] [main] taskApp.TaskApplication                  : Started TaskApplication in 5.018 seconds (process running for 5.598)
2026-07-29T17:48:13.832+03:00  INFO 10492 --- [task-app] [SpringApplicationShutdownHook] o.s.boot.tomcat.GracefulShutdown         : Commencing graceful shutdown. Waiting for active requests to complete
2026-07-29T17:48:13.842+03:00  INFO 10492 --- [task-app] [tomcat-shutdown] o.s.boot.tomcat.GracefulShutdown         : Graceful shutdown complete
2026-07-29T17:48:13.846+03:00  INFO 10492 --- [task-app] [SpringApplicationShutdownHook] j.LocalContainerEntityManagerFactoryBean : Closing JPA EntityManagerFactory for persistence unit 'default'
2026-07-29T17:48:13.848+03:00  INFO 10492 --- [task-app] [SpringApplicationShutdownHook] com.zaxxer.hikari.HikariDataSource       : HikariPool-1 - Shutdown initiated...
2026-07-29T17:48:13.851+03:00  INFO 10492 --- [task-app] [SpringApplicationShutdownHook] com.zaxxer.hikari.HikariDataSource       : HikariPool-1 - Shutdown completed.
2026-07-29T17:49:14.802+03:00  INFO 13692 --- [task-app] [main] taskApp.TaskApplication                  : Starting TaskApplication using Java 25.0.1 with PID 13692 (C:\PROJECTS\task-app\target\classes started by Daniil Pevzner in C:\PROJECTS\task-app)
2026-07-29T17:49:14.807+03:00  INFO 13692 --- [task-app] [main] taskApp.TaskApplication                  : No active profile set, falling back to 1 default profile: "default"
2026-07-29T17:49:15.781+03:00  INFO 13692 --- [task-app] [main] .s.d.r.c.RepositoryConfigurationDelegate : Bootstrapping Spring Data JPA repositories in DEFAULT mode.
2026-07-29T17:49:15.849+03:00  INFO 13692 --- [task-app] [main] .s.d.r.c.RepositoryConfigurationDelegate : Finished Spring Data repository scanning in 54 ms. Found 1 JPA repository interface.
2026-07-29T17:49:16.382+03:00  INFO 13692 --- [task-app] [main] o.s.boot.tomcat.TomcatWebServer          : Tomcat initialized with port 8080 (http)
2026-07-29T17:49:16.401+03:00  INFO 13692 --- [task-app] [main] o.apache.catalina.core.StandardService   : Starting service [Tomcat]
2026-07-29T17:49:16.401+03:00  INFO 13692 --- [task-app] [main] o.apache.catalina.core.StandardEngine    : Starting Servlet engine: [Apache Tomcat/11.0.22]
2026-07-29T17:49:16.468+03:00  INFO 13692 --- [task-app] [main] b.w.c.s.WebApplicationContextInitializer : Root WebApplicationContext: initialization completed in 1586 ms
2026-07-29T17:49:16.697+03:00  INFO 13692 --- [task-app] [main] org.hibernate.orm.jpa                    : HHH008540: Processing PersistenceUnitInfo [name: default]
2026-07-29T17:49:16.752+03:00  INFO 13692 --- [task-app] [main] org.hibernate.orm.core                   : HHH000001: Hibernate ORM core version 7.4.1.Final
2026-07-29T17:49:17.203+03:00  INFO 13692 --- [task-app] [main] o.s.o.j.p.SpringPersistenceUnitInfo      : No LoadTimeWeaver setup: ignoring JPA class transformer
2026-07-29T17:49:17.245+03:00  INFO 13692 --- [task-app] [main] com.zaxxer.hikari.HikariDataSource       : HikariPool-1 - Starting...
2026-07-29T17:49:17.422+03:00  INFO 13692 --- [task-app] [main] com.zaxxer.hikari.pool.HikariPool        : HikariPool-1 - Added connection conn0: url=jdbc:h2:mem:tododb user=ROOT
2026-07-29T17:49:17.424+03:00  INFO 13692 --- [task-app] [main] com.zaxxer.hikari.HikariDataSource       : HikariPool-1 - Start completed.
2026-07-29T17:49:17.445+03:00  WARN 13692 --- [task-app] [main] org.hibernate.orm.deprecation            : HHH90000025: H2Dialect does not need to be specified explicitly using 'hibernate.dialect' (remove the property setting and it will be selected by default)
2026-07-29T17:49:17.467+03:00  INFO 13692 --- [task-app] [main] org.hibernate.orm.connections.pooling    : HHH10001005: Database info:
	Database JDBC URL [jdbc:h2:mem:tododb]
	Database driver: H2 JDBC Driver
	Database dialect: H2Dialect
	Database version: 2.4.240
	Default catalog/schema: TODODB/PUBLIC
	Autocommit mode: undefined/unknown
	Isolation level: READ_COMMITTED [default READ_COMMITTED]
	JDBC fetch size: 100
	Pool: DataSourceConnectionProvider
	Minimum pool size: undefined/unknown
	Maximum pool size: undefined/unknown
2026-07-29T17:49:18.314+03:00  INFO 13692 --- [task-app] [main] org.hibernate.orm.core                   : HHH000489: No JTA platform available (set 'hibernate.transaction.jta.platform' to enable JTA platform integration)
2026-07-29T17:49:18.348+03:00  INFO 13692 --- [task-app] [main] j.LocalContainerEntityManagerFactoryBean : Initialized JPA EntityManagerFactory for persistence unit 'default'
2026-07-29T17:49:18.431+03:00  INFO 13692 --- [task-app] [main] o.s.d.j.r.query.QueryEnhancerFactories   : Hibernate is in classpath; If applicable, HQL parser will be used.
2026-07-29T17:49:18.565+03:00  WARN 13692 --- [task-app] [main] JpaBaseConfiguration$JpaWebConfiguration : spring.jpa.open-in-view is enabled by default. Therefore, database queries may be performed during view rendering. Explicitly configure spring.jpa.open-in-view to disable this warning
2026-07-29T17:49:18.585+03:00  INFO 13692 --- [task-app] [main] o.s.b.w.a.WelcomePageHandlerMapping      : Adding welcome page: class path resource [static/index.html]
2026-07-29T17:49:18.888+03:00  INFO 13692 --- [task-app] [main] o.s.b.h.a.H2ConsoleAutoConfiguration     : H2 console available at '/h2-console'. Database available at 'jdbc:h2:mem:tododb'
2026-07-29T17:49:18.945+03:00  INFO 13692 --- [task-app] [main] o.s.boot.tomcat.TomcatWebServer          : Tomcat started on port 8080 (http) with context path '/'
2026-07-29T17:49:18.952+03:00  INFO 13692 --- [task-app] [main] taskApp.TaskApplication                  : Started TaskApplication in 4.724 seconds (process running for 5.228)
2026-07-29T17:49:25.593+03:00  INFO 13692 --- [task-app] [http-nio-8080-exec-1] o.a.c.c.C.[Tomcat].[localhost].[/]       : Initializing Spring DispatcherServlet 'dispatcherServlet'
2026-07-29T17:49:25.594+03:00  INFO 13692 --- [task-app] [http-nio-8080-exec-1] o.s.web.servlet.DispatcherServlet        : Initializing Servlet 'dispatcherServlet'
2026-07-29T17:49:25.595+03:00  INFO 13692 --- [task-app] [http-nio-8080-exec-1] o.s.web.servlet.DispatcherServlet        : Completed initialization in 1 ms
2026-07-29T17:49:25.775+03:00  INFO 13692 --- [task-app] [http-nio-8080-exec-2] taskApp.controller.TaskController        : got get all tasks request
2026-07-29T17:49:25.776+03:00  INFO 13692 --- [task-app] [http-nio-8080-exec-2] taskApp.service.TaskServiceImpl          : Reading task list
2026-07-29T17:49:25.978+03:00  WARN 13692 --- [task-app] [http-nio-8080-exec-2] ration$PageModule$WarningLoggingModifier : Serializing PageImpl instances as-is is not supported, meaning that there is no guarantee about the stability of the resulting JSON structure!
	For a stable JSON structure, please use Spring Data's PagedModel (globally via @EnableSpringDataWebSupport(pageSerializationMode = VIA_DTO))
	or Spring HATEOAS and Spring Data's PagedResourcesAssembler as documented in https://docs.spring.io/spring-data/commons/reference/repositories/core-extensions.html#core.web.pageables.

2026-07-29T17:49:38.570+03:00  INFO 13692 --- [task-app] [http-nio-8080-exec-3] taskApp.controller.TaskController        : got post request
2026-07-29T17:49:38.571+03:00  INFO 13692 --- [task-app] [http-nio-8080-exec-3] taskApp.service.TaskServiceImpl          : Task created
2026-07-29T17:49:38.614+03:00  INFO 13692 --- [task-app] [http-nio-8080-exec-4] taskApp.controller.TaskController        : got get all tasks request
2026-07-29T17:49:38.614+03:00  INFO 13692 --- [task-app] [http-nio-8080-exec-4] taskApp.service.TaskServiceImpl          : Reading task list
2026-07-29T17:49:55.314+03:00  INFO 13692 --- [task-app] [http-nio-8080-exec-5] taskApp.controller.TaskController        : got put request for task 1
2026-07-29T17:49:55.323+03:00  INFO 13692 --- [task-app] [http-nio-8080-exec-5] taskApp.service.TaskServiceImpl          : Task with id = 1updated
2026-07-29T17:49:55.340+03:00  INFO 13692 --- [task-app] [http-nio-8080-exec-6] taskApp.controller.TaskController        : got get all tasks request
2026-07-29T17:49:55.341+03:00  INFO 13692 --- [task-app] [http-nio-8080-exec-6] taskApp.service.TaskServiceImpl          : Reading task list
2026-07-29T17:49:57.560+03:00  INFO 13692 --- [task-app] [http-nio-8080-exec-7] taskApp.controller.TaskController        : got put request for task 1
2026-07-29T17:49:57.562+03:00  INFO 13692 --- [task-app] [http-nio-8080-exec-7] taskApp.service.TaskServiceImpl          : Task with id = 1updated
2026-07-29T17:49:57.570+03:00  INFO 13692 --- [task-app] [http-nio-8080-exec-8] taskApp.controller.TaskController        : got get all tasks request
2026-07-29T17:49:57.570+03:00  INFO 13692 --- [task-app] [http-nio-8080-exec-8] taskApp.service.TaskServiceImpl          : Reading task list
2026-07-29T17:49:58.489+03:00  INFO 13692 --- [task-app] [http-nio-8080-exec-9] taskApp.controller.TaskController        : got put request for task 1
2026-07-29T17:49:58.491+03:00  INFO 13692 --- [task-app] [http-nio-8080-exec-9] taskApp.service.TaskServiceImpl          : Task with id = 1updated
2026-07-29T17:49:58.498+03:00  INFO 13692 --- [task-app] [http-nio-8080-exec-10] taskApp.controller.TaskController        : got get all tasks request
2026-07-29T17:49:58.499+03:00  INFO 13692 --- [task-app] [http-nio-8080-exec-10] taskApp.service.TaskServiceImpl          : Reading task list
2026-07-29T17:49:59.129+03:00  INFO 13692 --- [task-app] [http-nio-8080-exec-1] taskApp.controller.TaskController        : got put request for task 1
2026-07-29T17:49:59.130+03:00  INFO 13692 --- [task-app] [http-nio-8080-exec-1] taskApp.service.TaskServiceImpl          : Task with id = 1updated
2026-07-29T17:49:59.138+03:00  INFO 13692 --- [task-app] [http-nio-8080-exec-2] taskApp.controller.TaskController        : got get all tasks request
2026-07-29T17:49:59.139+03:00  INFO 13692 --- [task-app] [http-nio-8080-exec-2] taskApp.service.TaskServiceImpl          : Reading task list
2026-07-29T17:49:59.591+03:00  INFO 13692 --- [task-app] [http-nio-8080-exec-3] taskApp.controller.TaskController        : got put request for task 1
2026-07-29T17:49:59.592+03:00  INFO 13692 --- [task-app] [http-nio-8080-exec-3] taskApp.service.TaskServiceImpl          : Task with id = 1updated
2026-07-29T17:49:59.599+03:00  INFO 13692 --- [task-app] [http-nio-8080-exec-4] taskApp.controller.TaskController        : got get all tasks request
2026-07-29T17:49:59.600+03:00  INFO 13692 --- [task-app] [http-nio-8080-exec-4] taskApp.service.TaskServiceImpl          : Reading task list
2026-07-29T17:50:00.600+03:00  INFO 13692 --- [task-app] [http-nio-8080-exec-5] taskApp.controller.TaskController        : got put request for task 1
2026-07-29T17:50:00.602+03:00  INFO 13692 --- [task-app] [http-nio-8080-exec-5] taskApp.service.TaskServiceImpl          : Task with id = 1updated
2026-07-29T17:50:00.610+03:00  INFO 13692 --- [task-app] [http-nio-8080-exec-6] taskApp.controller.TaskController        : got get all tasks request
2026-07-29T17:50:00.610+03:00  INFO 13692 --- [task-app] [http-nio-8080-exec-6] taskApp.service.TaskServiceImpl          : Reading task list
2026-07-29T17:50:00.854+03:00  INFO 13692 --- [task-app] [http-nio-8080-exec-7] taskApp.controller.TaskController        : got put request for task 1
2026-07-29T17:50:00.856+03:00  INFO 13692 --- [task-app] [http-nio-8080-exec-7] taskApp.service.TaskServiceImpl          : Task with id = 1updated
2026-07-29T17:50:00.863+03:00  INFO 13692 --- [task-app] [http-nio-8080-exec-8] taskApp.controller.TaskController        : got get all tasks request
2026-07-29T17:50:00.864+03:00  INFO 13692 --- [task-app] [http-nio-8080-exec-8] taskApp.service.TaskServiceImpl          : Reading task list
2026-07-29T17:50:01.511+03:00  INFO 13692 --- [task-app] [http-nio-8080-exec-9] taskApp.controller.TaskController        : got put request for task 1
2026-07-29T17:50:01.512+03:00  INFO 13692 --- [task-app] [http-nio-8080-exec-9] taskApp.service.TaskServiceImpl          : Task with id = 1updated
2026-07-29T17:50:01.520+03:00  INFO 13692 --- [task-app] [http-nio-8080-exec-10] taskApp.controller.TaskController        : got get all tasks request
2026-07-29T17:50:01.520+03:00  INFO 13692 --- [task-app] [http-nio-8080-exec-10] taskApp.service.TaskServiceImpl          : Reading task list
2026-07-29T17:50:05.189+03:00  INFO 13692 --- [task-app] [http-nio-8080-exec-1] taskApp.controller.TaskController        : got delete request for task 1
2026-07-29T17:50:05.424+03:00  INFO 13692 --- [task-app] [http-nio-8080-exec-1] taskApp.service.TaskServiceImpl          : Task with id = 1 deleted
2026-07-29T17:50:05.437+03:00  INFO 13692 --- [task-app] [http-nio-8080-exec-2] taskApp.controller.TaskController        : got get all tasks request
2026-07-29T17:50:05.437+03:00  INFO 13692 --- [task-app] [http-nio-8080-exec-2] taskApp.service.TaskServiceImpl          : Reading task list
2026-07-29T18:28:04.765+03:00  INFO 13692 --- [task-app] [http-nio-8080-exec-5] taskApp.controller.TaskController        : got post request
2026-07-29T18:28:04.766+03:00  INFO 13692 --- [task-app] [http-nio-8080-exec-5] taskApp.service.TaskServiceImpl          : Task created
2026-07-29T18:28:04.775+03:00  INFO 13692 --- [task-app] [http-nio-8080-exec-6] taskApp.controller.TaskController        : got get all tasks request
2026-07-29T18:28:04.775+03:00  INFO 13692 --- [task-app] [http-nio-8080-exec-6] taskApp.service.TaskServiceImpl          : Reading task list
2026-07-29T18:28:07.054+03:00  INFO 13692 --- [task-app] [http-nio-8080-exec-7] taskApp.controller.TaskController        : got post request
2026-07-29T18:28:07.054+03:00  INFO 13692 --- [task-app] [http-nio-8080-exec-7] taskApp.service.TaskServiceImpl          : Task created
2026-07-29T18:28:07.061+03:00  INFO 13692 --- [task-app] [http-nio-8080-exec-8] taskApp.controller.TaskController        : got get all tasks request
2026-07-29T18:28:07.062+03:00  INFO 13692 --- [task-app] [http-nio-8080-exec-8] taskApp.service.TaskServiceImpl          : Reading task list
2026-07-29T18:28:09.048+03:00  WARN 13692 --- [task-app] [HikariPool-1:housekeeper] com.zaxxer.hikari.pool.HikariPool        : HikariPool-1 - Thread starvation or clock leap detected (housekeeper delta=2m21s481ms533µs300ns).
2026-07-29T18:28:09.176+03:00  INFO 13692 --- [task-app] [http-nio-8080-exec-9] taskApp.controller.TaskController        : got post request
2026-07-29T18:28:09.177+03:00  INFO 13692 --- [task-app] [http-nio-8080-exec-9] taskApp.service.TaskServiceImpl          : Task created
2026-07-29T18:28:09.186+03:00  INFO 13692 --- [task-app] [http-nio-8080-exec-10] taskApp.controller.TaskController        : got get all tasks request
2026-07-29T18:28:09.186+03:00  INFO 13692 --- [task-app] [http-nio-8080-exec-10] taskApp.service.TaskServiceImpl          : Reading task list
2026-07-29T18:28:11.144+03:00  INFO 13692 --- [task-app] [http-nio-8080-exec-1] taskApp.controller.TaskController        : got post request
2026-07-29T18:28:11.145+03:00  INFO 13692 --- [task-app] [http-nio-8080-exec-1] taskApp.service.TaskServiceImpl          : Task created
2026-07-29T18:28:11.152+03:00  INFO 13692 --- [task-app] [http-nio-8080-exec-2] taskApp.controller.TaskController        : got get all tasks request
2026-07-29T18:28:11.153+03:00  INFO 13692 --- [task-app] [http-nio-8080-exec-2] taskApp.service.TaskServiceImpl          : Reading task list
2026-07-29T18:28:13.412+03:00  INFO 13692 --- [task-app] [http-nio-8080-exec-3] taskApp.controller.TaskController        : got post request
2026-07-29T18:28:13.413+03:00  INFO 13692 --- [task-app] [http-nio-8080-exec-3] taskApp.service.TaskServiceImpl          : Task created
2026-07-29T18:28:13.421+03:00  INFO 13692 --- [task-app] [http-nio-8080-exec-4] taskApp.controller.TaskController        : got get all tasks request
2026-07-29T18:28:13.421+03:00  INFO 13692 --- [task-app] [http-nio-8080-exec-4] taskApp.service.TaskServiceImpl          : Reading task list
2026-07-29T18:28:15.648+03:00  INFO 13692 --- [task-app] [http-nio-8080-exec-5] taskApp.controller.TaskController        : got post request
2026-07-29T18:28:15.648+03:00  INFO 13692 --- [task-app] [http-nio-8080-exec-5] taskApp.service.TaskServiceImpl          : Task created
2026-07-29T18:28:15.655+03:00  INFO 13692 --- [task-app] [http-nio-8080-exec-6] taskApp.controller.TaskController        : got get all tasks request
2026-07-29T18:28:15.655+03:00  INFO 13692 --- [task-app] [http-nio-8080-exec-6] taskApp.service.TaskServiceImpl          : Reading task list
2026-07-29T18:28:18.144+03:00  INFO 13692 --- [task-app] [http-nio-8080-exec-7] taskApp.controller.TaskController        : got post request
2026-07-29T18:28:18.144+03:00  INFO 13692 --- [task-app] [http-nio-8080-exec-7] taskApp.service.TaskServiceImpl          : Task created
2026-07-29T18:28:18.153+03:00  INFO 13692 --- [task-app] [http-nio-8080-exec-8] taskApp.controller.TaskController        : got get all tasks request
2026-07-29T18:28:18.153+03:00  INFO 13692 --- [task-app] [http-nio-8080-exec-8] taskApp.service.TaskServiceImpl          : Reading task list
2026-07-29T18:28:20.744+03:00  INFO 13692 --- [task-app] [http-nio-8080-exec-9] taskApp.controller.TaskController        : got post request
2026-07-29T18:28:20.744+03:00  INFO 13692 --- [task-app] [http-nio-8080-exec-9] taskApp.service.TaskServiceImpl          : Task created
2026-07-29T18:28:20.751+03:00  INFO 13692 --- [task-app] [http-nio-8080-exec-10] taskApp.controller.TaskController        : got get all tasks request
2026-07-29T18:28:20.752+03:00  INFO 13692 --- [task-app] [http-nio-8080-exec-10] taskApp.service.TaskServiceImpl          : Reading task list
2026-07-29T18:28:25.838+03:00  INFO 13692 --- [task-app] [http-nio-8080-exec-1] taskApp.controller.TaskController        : got post request
2026-07-29T18:28:25.838+03:00  INFO 13692 --- [task-app] [http-nio-8080-exec-1] taskApp.service.TaskServiceImpl          : Task created
2026-07-29T18:28:25.845+03:00  INFO 13692 --- [task-app] [http-nio-8080-exec-2] taskApp.controller.TaskController        : got get all tasks request
2026-07-29T18:28:25.846+03:00  INFO 13692 --- [task-app] [http-nio-8080-exec-2] taskApp.service.TaskServiceImpl          : Reading task list
2026-07-29T18:28:27.872+03:00  INFO 13692 --- [task-app] [http-nio-8080-exec-3] taskApp.controller.TaskController        : got post request
2026-07-29T18:28:27.872+03:00  INFO 13692 --- [task-app] [http-nio-8080-exec-3] taskApp.service.TaskServiceImpl          : Task created
2026-07-29T18:28:27.880+03:00  INFO 13692 --- [task-app] [http-nio-8080-exec-4] taskApp.controller.TaskController        : got get all tasks request
2026-07-29T18:28:27.880+03:00  INFO 13692 --- [task-app] [http-nio-8080-exec-4] taskApp.service.TaskServiceImpl          : Reading task list
2026-07-29T18:28:29.850+03:00  INFO 13692 --- [task-app] [http-nio-8080-exec-5] taskApp.controller.TaskController        : got post request
2026-07-29T18:28:29.850+03:00  INFO 13692 --- [task-app] [http-nio-8080-exec-5] taskApp.service.TaskServiceImpl          : Task created
2026-07-29T18:28:29.858+03:00  INFO 13692 --- [task-app] [http-nio-8080-exec-6] taskApp.controller.TaskController        : got get all tasks request
2026-07-29T18:28:29.858+03:00  INFO 13692 --- [task-app] [http-nio-8080-exec-6] taskApp.service.TaskServiceImpl          : Reading task list
2026-07-29T18:28:31.820+03:00  INFO 13692 --- [task-app] [http-nio-8080-exec-7] taskApp.controller.TaskController        : got post request
2026-07-29T18:28:31.820+03:00  INFO 13692 --- [task-app] [http-nio-8080-exec-7] taskApp.service.TaskServiceImpl          : Task created
2026-07-29T18:28:31.828+03:00  INFO 13692 --- [task-app] [http-nio-8080-exec-8] taskApp.controller.TaskController        : got get all tasks request
2026-07-29T18:28:31.828+03:00  INFO 13692 --- [task-app] [http-nio-8080-exec-8] taskApp.service.TaskServiceImpl          : Reading task list
2026-07-29T18:28:36.026+03:00  INFO 13692 --- [task-app] [http-nio-8080-exec-9] taskApp.controller.TaskController        : got post request
2026-07-29T18:28:36.027+03:00  INFO 13692 --- [task-app] [http-nio-8080-exec-9] taskApp.service.TaskServiceImpl          : Task created
2026-07-29T18:28:36.034+03:00  INFO 13692 --- [task-app] [http-nio-8080-exec-10] taskApp.controller.TaskController        : got get all tasks request
2026-07-29T18:28:36.035+03:00  INFO 13692 --- [task-app] [http-nio-8080-exec-10] taskApp.service.TaskServiceImpl          : Reading task list
2026-07-29T18:28:37.741+03:00  INFO 13692 --- [task-app] [http-nio-8080-exec-1] taskApp.controller.TaskController        : got post request
2026-07-29T18:28:37.741+03:00  INFO 13692 --- [task-app] [http-nio-8080-exec-1] taskApp.service.TaskServiceImpl          : Task created
2026-07-29T18:28:37.749+03:00  INFO 13692 --- [task-app] [http-nio-8080-exec-2] taskApp.controller.TaskController        : got get all tasks request
2026-07-29T18:28:37.750+03:00  INFO 13692 --- [task-app] [http-nio-8080-exec-2] taskApp.service.TaskServiceImpl          : Reading task list
2026-07-29T18:28:39.674+03:00  INFO 13692 --- [task-app] [http-nio-8080-exec-4] taskApp.controller.TaskController        : got get all tasks request
2026-07-29T18:28:39.675+03:00  INFO 13692 --- [task-app] [http-nio-8080-exec-4] taskApp.service.TaskServiceImpl          : Reading task list
2026-07-29T18:28:40.729+03:00  INFO 13692 --- [task-app] [http-nio-8080-exec-5] taskApp.controller.TaskController        : got get all tasks request
2026-07-29T18:28:40.729+03:00  INFO 13692 --- [task-app] [http-nio-8080-exec-5] taskApp.service.TaskServiceImpl          : Reading task list
2026-07-29T18:28:41.724+03:00  INFO 13692 --- [task-app] [http-nio-8080-exec-6] taskApp.controller.TaskController        : got get all tasks request
2026-07-29T18:28:41.725+03:00  INFO 13692 --- [task-app] [http-nio-8080-exec-6] taskApp.service.TaskServiceImpl          : Reading task list
2026-07-29T18:28:50.862+03:00  INFO 13692 --- [task-app] [http-nio-8080-exec-7] taskApp.controller.TaskController        : got post request
2026-07-29T18:28:50.863+03:00  INFO 13692 --- [task-app] [http-nio-8080-exec-7] taskApp.service.TaskServiceImpl          : Task created
2026-07-29T18:28:50.871+03:00  INFO 13692 --- [task-app] [http-nio-8080-exec-8] taskApp.controller.TaskController        : got get all tasks request
2026-07-29T18:28:50.871+03:00  INFO 13692 --- [task-app] [http-nio-8080-exec-8] taskApp.service.TaskServiceImpl          : Reading task list
2026-07-29T18:28:59.882+03:00  INFO 13692 --- [task-app] [http-nio-8080-exec-9] taskApp.controller.TaskController        : got get all tasks request
2026-07-29T18:28:59.882+03:00  INFO 13692 --- [task-app] [http-nio-8080-exec-9] taskApp.service.TaskServiceImpl          : Reading task list
2026-07-29T18:29:05.209+03:00  INFO 13692 --- [task-app] [http-nio-8080-exec-10] taskApp.controller.TaskController        : got delete request for task 11
2026-07-29T18:29:05.213+03:00  INFO 13692 --- [task-app] [http-nio-8080-exec-10] taskApp.service.TaskServiceImpl          : Task with id = 11 deleted
2026-07-29T18:29:05.225+03:00  INFO 13692 --- [task-app] [http-nio-8080-exec-1] taskApp.controller.TaskController        : got get all tasks request
2026-07-29T18:29:05.225+03:00  INFO 13692 --- [task-app] [http-nio-8080-exec-1] taskApp.service.TaskServiceImpl          : Reading task list
2026-07-29T18:29:07.694+03:00  INFO 13692 --- [task-app] [http-nio-8080-exec-2] taskApp.controller.TaskController        : got delete request for task 12
2026-07-29T18:29:07.696+03:00  INFO 13692 --- [task-app] [http-nio-8080-exec-2] taskApp.service.TaskServiceImpl          : Task with id = 12 deleted
2026-07-29T18:29:07.708+03:00  INFO 13692 --- [task-app] [http-nio-8080-exec-3] taskApp.controller.TaskController        : got get all tasks request
2026-07-29T18:29:07.708+03:00  INFO 13692 --- [task-app] [http-nio-8080-exec-3] taskApp.service.TaskServiceImpl          : Reading task list
2026-07-29T18:29:10.841+03:00  INFO 13692 --- [task-app] [http-nio-8080-exec-4] taskApp.controller.TaskController        : got delete request for task 13
2026-07-29T18:29:10.844+03:00  INFO 13692 --- [task-app] [http-nio-8080-exec-4] taskApp.service.TaskServiceImpl          : Task with id = 13 deleted
2026-07-29T18:29:10.855+03:00  INFO 13692 --- [task-app] [http-nio-8080-exec-5] taskApp.controller.TaskController        : got get all tasks request
2026-07-29T18:29:10.855+03:00  INFO 13692 --- [task-app] [http-nio-8080-exec-5] taskApp.service.TaskServiceImpl          : Reading task list
2026-07-29T18:29:11.656+03:00  INFO 13692 --- [task-app] [http-nio-8080-exec-6] taskApp.controller.TaskController        : got put request for task 5
2026-07-29T18:29:11.658+03:00  INFO 13692 --- [task-app] [http-nio-8080-exec-6] taskApp.service.TaskServiceImpl          : Task with id = 5updated
2026-07-29T18:29:11.665+03:00  INFO 13692 --- [task-app] [http-nio-8080-exec-7] taskApp.controller.TaskController        : got get all tasks request
2026-07-29T18:29:11.665+03:00  INFO 13692 --- [task-app] [http-nio-8080-exec-7] taskApp.service.TaskServiceImpl          : Reading task list
2026-07-29T18:29:13.434+03:00  INFO 13692 --- [task-app] [http-nio-8080-exec-8] taskApp.controller.TaskController        : got put request for task 5
2026-07-29T18:29:13.435+03:00  INFO 13692 --- [task-app] [http-nio-8080-exec-8] taskApp.service.TaskServiceImpl          : Task with id = 5updated
2026-07-29T18:29:13.443+03:00  INFO 13692 --- [task-app] [http-nio-8080-exec-9] taskApp.controller.TaskController        : got get all tasks request
2026-07-29T18:29:13.443+03:00  INFO 13692 --- [task-app] [http-nio-8080-exec-9] taskApp.service.TaskServiceImpl          : Reading task list
2026-07-29T18:29:17.928+03:00  INFO 13692 --- [task-app] [http-nio-8080-exec-10] taskApp.controller.TaskController        : got put request for task 6
2026-07-29T18:29:17.930+03:00  INFO 13692 --- [task-app] [http-nio-8080-exec-10] taskApp.service.TaskServiceImpl          : Task with id = 6updated
2026-07-29T18:29:17.937+03:00  INFO 13692 --- [task-app] [http-nio-8080-exec-1] taskApp.controller.TaskController        : got get all tasks request
2026-07-29T18:29:17.937+03:00  INFO 13692 --- [task-app] [http-nio-8080-exec-1] taskApp.service.TaskServiceImpl          : Reading task list
2026-07-29T19:38:12.758+03:00  INFO 13692 --- [task-app] [SpringApplicationShutdownHook] o.s.boot.tomcat.GracefulShutdown         : Commencing graceful shutdown. Waiting for active requests to complete
2026-07-29T19:38:12.768+03:00  INFO 13692 --- [task-app] [tomcat-shutdown] o.s.boot.tomcat.GracefulShutdown         : Graceful shutdown complete
2026-07-29T19:38:12.772+03:00  INFO 13692 --- [task-app] [SpringApplicationShutdownHook] j.LocalContainerEntityManagerFactoryBean : Closing JPA EntityManagerFactory for persistence unit 'default'
2026-07-29T19:38:12.776+03:00  INFO 13692 --- [task-app] [SpringApplicationShutdownHook] com.zaxxer.hikari.HikariDataSource       : HikariPool-1 - Shutdown initiated...
2026-07-29T19:38:12.778+03:00  INFO 13692 --- [task-app] [SpringApplicationShutdownHook] com.zaxxer.hikari.HikariDataSource       : HikariPool-1 - Shutdown completed.
